"","character(0)"
"aar",1
"aarp",1
"aasen",2
"abandoning",1
"abilities",2
"ability",2
"able",1
"aboard",1
"abraham",1
"absolutely",4
"academic",2
"accept",2
"acceptable",1
"accepted",2
"access",8
"accomplished",2
"accomplishments",1
"accord",2
"according",5
"accordingly",1
"accountability",1
"accountants",1
"accustomed",1
"achieve",9
"achieved",7
"achievement",5
"achievements",1
"achieving",1
"acknowledge",1
"acknowledged",1
"acknowledging",1
"acquired",1
"acres",2
"across",2
"act",7
"acting",1
"action",1
"actions",4
"actively",1
"activity",1
"acts",1
"actually",1
"adam",2
"add",1
"added",4
"addition",3
"additional",13
"address",4
"addresses",1
"addressing",1
"adds",1
"adequate",1
"adequately",1
"adjournment",1
"adjust",1
"adjutant",1
"administration",12
"administrative",1
"administrators",3
"admit",1
"adopt",6
"adopted",1
"adults",5
"advance",3
"advanced",3
"advancing",1
"advantage",1
"advantages",1
"advisor",1
"advocates",1
"advocating",1
"affairs",2
"affect",1
"affirms",1
"afford",4
"affordability",1
"affordable",12
"afghanistan",2
"aforementioned",1
"africanamerican",1
"afterinflation",2
"afternoon",3
"afterschool",3
"agbamu",2
"agco",1
"agcos",1
"age",2
"ageing",1
"agencies",2
"agency",5
"agendas",1
"ages",2
"aging",2
"ago",17
"agree",9
"agreed",2
"agreement",1
"agreements",1
"agri",1
"agricultural",2
"agriculture",5
"ahead",7
"aid",9
"air",3
"airport",2
"airports",1
"aisle",1
"alabama",1
"alarmed",1
"alarming",1
"alaska",2
"align",2
"aligned",1
"alignment",1
"allday",10
"allocate",1
"allocated",1
"allow",1
"allowing",1
"alltime",1
"almost",9
"alone",4
"along",6
"alphabetical",1
"already",15
"also",56
"alternative",3
"although",1
"always",5
"amazed",1
"americain",1
"american",5
"americans",1
"amidst",1
"among",18
"amount",6
"amounts",2
"analysis",3
"analyzing",1
"anchor",1
"andersen",1
"anderson",4
"andrew",1
"angel",1
"angels",1
"anniversary",1
"announced",2
"another",25
"anothers",1
"answer",4
"antibullying",1
"antoinette",2
"anxiety",1
"anxietyprovoking",1
"anyone",4
"anything",4
"anywhere",6
"apart",1
"apartments",1
"appeal",1
"applauded",1
"application",2
"applications",1
"apply",4
"applying",1
"appomattox",1
"appreciate",4
"appreciated",1
"approach",8
"approaches",1
"approval",2
"approved",2
"archives",1
"arctic",2
"ardell",1
"area",6
"areas",10
"army",1
"armys",1
"arne",1
"around",8
"aroused",1
"artco",1
"arteries",3
"ascend",1
"ascendancy",1
"ask",23
"asked",8
"asking",6
"aspect",2
"assess",3
"assessment",1
"assessments",1
"assigning",1
"assignment",2
"assist",2
"assistance",4
"assistant",1
"associations",1
"assumed",2
"assure",3
"assuring",1
"athletic",1
"attain",1
"attainment",1
"attainments",1
"attempting",1
"attended",1
"attract",3
"attracting",1
"attributes",1
"august",1
"author",1
"authority",1
"authorized",1
"authors",1
"automotive",1
"available",5
"average",15
"averaged",1
"avian",1
"avoid",2
"avoiding",1
"award",1
"awarded",1
"aware",3
"away",2
"awesome",2
"axis",1
"baby",1
"baccalaureate",1
"back",14
"backpack",1
"backward",1
"backwards",1
"bad",2
"badly",1
"bailed",1
"bailey",5
"bakk",2
"balance",7
"balanced",7
"balancing",1
"bank",2
"base",2
"based",1
"basic",1
"battalion",1
"battered",1
"battle",1
"baxter",1
"beat",2
"beautiful",1
"became",5
"become",10
"becomes",1
"becoming",3
"began",6
"begin",9
"beginning",6
"begins",1
"begun",1
"behind",6
"belief",1
"believe",23
"believing",1
"belongs",1
"benefit",3
"benefits",7
"benefitted",2
"besides",1
"best",62
"bestmanaged",1
"better",91
"beyond",3
"bible",1
"bids",1
"biennial",2
"biennium",21
"bienniumds",1
"bienniums",1
"big",7
"biggest",1
"bike",1
"bill",26
"billion",31
"bills",8
"bipartisan",7
"birds",1
"black",1
"blame",2
"blank",1
"bless",1
"blessed",2
"bloating",1
"blood",1
"bloomington",1
"board",2
"boards",2
"boat",1
"body",3
"bodys",1
"bonding",18
"book",2
"boomer",1
"booming",1
"boosted",2
"boosting",1
"boots",1
"border",2
"bordering",1
"borders",1
"borman",1
"borrowed",1
"borrowing",4
"bottled",2
"bottom",1
"bought",3
"brad",1
"branch",1
"brazils",1
"breakfast",4
"breakfasts",2
"breaking",1
"breathe",1
"brede",1
"brenda",1
"bridge",1
"bridges",5
"briefly",2
"brigade",3
"brilliant",1
"bring",11
"broadband",1
"broadens",1
"brooklyn",1
"brought",1
"bruce",2
"bruininks",2
"budget",46
"budgets",4
"buffer",2
"build",4
"building",8
"buildings",3
"built",7
"bull",1
"bulls",1
"bureau",1
"burnet",1
"bus",1
"bush",1
"bushs",1
"business",28
"businesses",30
"businessman",1
"businessmen",1
"buy",4
"cabinet",3
"california",1
"call",3
"called",6
"calls",1
"campaign",4
"campers",1
"camping",1
"campsite",1
"campus",1
"campuses",6
"can",47
"cancer",1
"candt",2
"cant",4
"cap",1
"capable",1
"capacity",3
"capita",5
"capital",5
"capitol",10
"car",1
"care",37
"career",4
"careers",1
"careful",1
"caregivers",1
"cares",1
"cargill",1
"caring",1
"carlson",2
"carolina",1
"carolyn",1
"carry",1
"cars",1
"cash",1
"cassellius",2
"casting",1
"cat",2
"catastrophe",1
"catching",1
"cathy",3
"cause",2
"caused",1
"causing",1
"caution",1
"census",1
"center",4
"centers",1
"century",3
"ceo",1
"certain",1
"certainty",1
"certificate",2
"chaired",1
"chairman",1
"challenge",4
"challenged",1
"challenges",2
"chamber",1
"chambers",1
"chance",3
"chancellor",6
"change",5
"changed",1
"changes",2
"changing",1
"characterize",2
"check",1
"checking",1
"checklist",1
"chief",5
"child",6
"childcare",2
"childhood",14
"children",36
"childrens",3
"chinas",1
"choice",1
"choices",4
"choose",4
"chose",1
"chosen",1
"chris",1
"circumstances",1
"cites",1
"cities",10
"citizen",3
"citizens",37
"citizensd",1
"city",11
"civic",3
"civil",1
"civilian",1
"civilized",1
"clark",2
"class",3
"classes",2
"classroom",2
"classrooms",4
"clean",6
"cleaner",1
"clear",2
"clicks",2
"clients",1
"climate",4
"climb",1
"clinic",1
"clinicals",1
"clinics",2
"clogged",1
"close",4
"closed",2
"closely",4
"closer",2
"closing",5
"cloud",3
"coke",1
"col",2
"coleman",1
"collaboration",1
"collective",2
"college",11
"colleges",15
"colonel",2
"color",2
"colors",1
"combat",2
"combination",2
"combine",1
"combined",1
"come",9
"comes",1
"coming",3
"commander",1
"commenting",1
"commerce",1
"commercial",1
"commissioner",20
"commit",2
"commitment",6
"commitments",1
"commodities",1
"common",2
"commonwealth",2
"communication",1
"communities",9
"community",6
"companies",9
"company",3
"companys",1
"compare",1
"compared",4
"comparing",1
"comparison",2
"compel",1
"competed",1
"competition",3
"competitive",6
"competitors",1
"compiled",1
"complacent",1
"complaint",1
"complete",5
"completed",2
"completely",1
"completion",1
"component",1
"comprehensive",2
"comprises",2
"compromise",5
"computer",1
"computerized",1
"computers",1
"concerns",2
"concluded",2
"condemned",1
"condition",5
"conditions",2
"conduct",1
"confederate",1
"confidence",1
"confirms",1
"conflict",1
"confronted",1
"congested",1
"congestion",1
"congress",2
"congressional",1
"congressman",1
"connected",2
"consecutive",1
"consequences",1
"conservation",1
"consider",7
"considerable",1
"consideration",1
"considered",1
"consistent",4
"consolidate",1
"constituents",2
"constitution",1
"constitutional",1
"constitutions",1
"constrict",1
"constructed",2
"construction",9
"constructive",1
"constructively",1
"consultant",2
"contained",1
"contemplate",1
"continue",18
"continued",4
"continuing",10
"continuous",2
"continuously",4
"continuum",2
"contracted",1
"contracting",1
"contracts",5
"contrary",1
"contrasting",1
"contribute",2
"contributed",1
"contribution",1
"contributions",1
"contributors",1
"control",4
"controversial",1
"controversy",2
"conversation",1
"convictions",1
"convinced",2
"cooperate",2
"cooperation",3
"cooperative",3
"cooperatively",2
"coordinated",1
"coordinator",1
"corn",1
"corporate",2
"corporation",1
"corporations",5
"correct",2
"correctional",1
"correlated",1
"cory",1
"cost",12
"costeffective",1
"costefficient",1
"costly",1
"costs",13
"costsaving",1
"cottage",1
"couldnt",1
"council",1
"counselors",1
"counterproductive",1
"countries",4
"country",18
"countryds",1
"countrys",2
"counts",1
"county",4
"couple",2
"courage",3
"courageous",1
"court",2
"cover",2
"coverage",4
"covered",1
"crash",1
"create",13
"created",4
"creating",6
"creation",5
"creative",2
"creatively",1
"credit",10
"credits",1
"crews",1
"crime",2
"crisis",3
"critical",7
"critically",2
"criticisms",1
"criticize",2
"criticizing",1
"critics",1
"croix",1
"cronk",2
"crosswalks",1
"crucial",8
"crushing",1
"cultural",1
"curbing",1
"current",13
"currently",1
"curricula",3
"curriculum",1
"curtail",1
"customers",1
"cut",13
"cuts",8
"cutting",1
"cuttingedge",1
"cycle",1
"dad",1
"daily",1
"dakota",5
"damage",3
"dangerously",1
"dangers",1
"daughterinlaw",1
"daughters",2
"daunting",1
"dave",1
"dawn",1
"day",13
"days",10
"dayton",3
"dbusiness",1
"deal",3
"dean",1
"death",1
"debate",4
"debt",3
"decade",14
"decades",5
"december",3
"decentpaying",1
"decide",4
"decided",1
"decision",3
"decisionmaking",1
"decisions",6
"decline",6
"declined",1
"declining",3
"decreasing",1
"decrepit",1
"dedicate",1
"dedicated",5
"dedication",1
"deed",3
"deepest",2
"deficit",15
"deficits",4
"deficittodeficit",1
"defray",1
"degree",1
"degrees",1
"delegation",1
"delinquency",1
"deliver",1
"democracy",1
"democratic",1
"democrats",1
"demoralized",1
"denied",2
"denounce",1
"department",18
"departmentd",1
"departments",1
"depend",4
"dependent",1
"depends",2
"deploy",1
"deployed",1
"deploying",1
"deployment",1
"depression",2
"depth",2
"descendants",1
"descends",1
"described",1
"deserve",7
"deserves",3
"deserving",1
"designed",1
"desire",1
"desktop",1
"desperately",1
"despite",6
"destination",1
"destroy",1
"destruction",1
"deteriorate",1
"deteriorating",4
"deterioration",1
"determination",2
"determine",4
"determined",2
"develop",4
"developed",1
"developing",1
"development",11
"developments",1
"devoted",2
"dfl",3
"dhow",1
"dialects",1
"didnt",4
"differences",3
"different",3
"difficult",3
"difficulties",1
"digikey",2
"dignity",1
"dilworth",1
"dinner",1
"directed",1
"direction",3
"directly",1
"director",1
"diron",2
"disabilities",1
"disabled",1
"disagree",2
"disagreement",1
"disagreements",2
"disappointed",1
"disaster",3
"discover",1
"discrepancy",1
"discussion",2
"disease",1
"disparity",1
"distinction",1
"distinguished",4
"distribute",1
"distributing",1
"district",2
"districts",5
"dit",1
"divide",3
"division",1
"djobs",3
"dleand",1
"dnone",1
"dnr",3
"doctors",2
"doesnt",9
"doldgrowthd",1
"dollar",3
"dollars",13
"dominance",1
"dominant",1
"dominate",1
"donated",1
"donation",1
"dondt",1
"done",4
"dont",8
"doors",1
"double",3
"doubled",3
"doubt",1
"downey",1
"downtown",3
"downtowns",2
"dozen",1
"dpeopleds",1
"drace",1
"drastic",1
"drawdown",1
"dread",1
"drighttoworkd",1
"drink",1
"drinking",1
"drive",2
"drivers",1
"drives",1
"driving",3
"dropped",3
"droughts",1
"drove",1
"due",3
"duluth",2
"durations",1
"duty",2
"dvss",1
"dwe",1
"dynamic",1
"dyou",1
"earlier",1
"early",17
"earn",2
"earned",2
"earners",1
"earning",1
"earnings",3
"earth",1
"easier",1
"easily",1
"easy",2
"ecological",1
"economic",45
"economies",3
"economists",2
"economy",19
"educate",2
"educated",2
"educating",3
"education",93
"educational",9
"educationds",1
"educations",11
"educators",5
"efe",1
"effect",1
"effective",4
"effectively",1
"effectiveness",2
"effects",3
"efficiencies",3
"efficiency",4
"efficient",7
"efficiently",5
"effort",1
"efforts",4
"ehlinger",1
"eight",3
"either",4
"eitheror",1
"elderly",2
"elected",4
"election",1
"elections",1
"electricians",1
"electronic",1
"elementary",7
"eliminate",2
"eliminated",2
"eliminating",2
"elimination",1
"ellen",1
"else",7
"elses",1
"elsewhere",1
"embassy",1
"emergency",2
"emotional",1
"emphasis",1
"emphasize",1
"employ",1
"employed",2
"employees",11
"employer",2
"employers",1
"employment",9
"employs",3
"enable",2
"enabling",3
"enact",2
"enacted",8
"enacting",1
"encourage",3
"encouraging",2
"end",6
"ends",1
"endure",2
"energy",9
"enforcement",1
"engineering",2
"engineeringd",2
"engulfed",1
"enhance",2
"enhanced",1
"enhancing",2
"enjoy",4
"enjoyed",2
"enlist",2
"enormous",3
"enormously",2
"enough",14
"enroll",1
"enrolled",1
"ensures",1
"enter",1
"entering",1
"enterprise",4
"enterprises",2
"enthusiastically",1
"entire",5
"entirely",2
"entitled",3
"entrepreneur",1
"environment",10
"environmental",1
"environments",2
"envision",1
"epic",1
"epitomizes",2
"equaled",1
"equality",2
"equally",4
"equipment",6
"eras",1
"erase",1
"eric",6
"erics",1
"escalate",1
"escalating",1
"especially",10
"essence",1
"essential",11
"essentially",1
"establish",2
"established",3
"estimated",1
"estimates",1
"evaluation",1
"evaluations",3
"even",25
"evening",3
"events",2
"evenyear",1
"ever",5
"everlonger",1
"evermorecompetitive",1
"every",24
"everybody",1
"everyone",13
"everyones",3
"everything",4
"everywhere",8
"evidence",1
"evidently",1
"examine",1
"example",4
"exceeded",1
"excellence",1
"excellent",4
"except",2
"exceptional",4
"exceptions",1
"excessive",3
"exchange",3
"exciting",1
"excuses",1
"executive",3
"executives",5
"exercise",2
"existing",4
"expand",11
"expanded",8
"expanding",5
"expansion",5
"expansions",1
"expect",4
"expectancy",1
"expects",1
"expenditure",1
"expenditures",7
"expensive",1
"experience",2
"experienced",1
"experiences",1
"experiment",1
"expert",1
"expertise",3
"experts",5
"explain",1
"explorer",1
"exporting",1
"exports",2
"extend",2
"extraordinary",4
"extreme",2
"extremists",1
"fabian",1
"face",4
"faces",1
"facilities",2
"facility",2
"facing",4
"fact",3
"factor",1
"factors",1
"facts",2
"faculties",1
"faculty",2
"fail",3
"failed",4
"failure",2
"fair",4
"fairer",2
"fairmont",1
"fairness",1
"faith",4
"fall",5
"fallds",1
"fallen",1
"falling",2
"falls",3
"faltering",1
"families",12
"family",8
"fanatics",1
"far",4
"fared",1
"fargo",1
"farm",3
"farmer",1
"farmers",4
"farming",1
"farreaching",1
"farther",1
"fast",2
"faster",1
"fastest",2
"fasttrac",2
"fates",1
"father",6
"fathers",1
"favorite",1
"favors",1
"february",1
"federal",14
"feel",4
"fees",2
"fell",4
"fellow",7
"fergus",1
"fewer",2
"fewest",2
"field",2
"fields",1
"fifth",3
"fifty",1
"fighting",2
"figure",1
"fill",1
"final",4
"finally",5
"finance",5
"finances",2
"financial",13
"financially",1
"financing",1
"find",21
"finding",1
"fire",1
"fires",1
"first",26
"firststopd",1
"fiscal",11
"fish",1
"fit",1
"fits",1
"fitting",1
"five",9
"fivepoint",1
"fixing",2
"flexibility",1
"flight",1
"floods",1
"floor",1
"florida",1
"floundered",1
"flowers",1
"flu",1
"focus",1
"follow",3
"followed",4
"following",1
"food",2
"foods",1
"foolish",3
"football",1
"forbearance",2
"forbes",1
"force",5
"forced",3
"forces",1
"forecast",5
"forecasted",2
"forecasts",1
"foremost",1
"forests",1
"forget",1
"forgotten",1
"former",5
"formula",3
"fortunately",3
"fortune",3
"fortunes",1
"forward",2
"fossil",1
"fought",1
"found",6
"foundation",1
"founded",1
"founder",1
"founding",1
"four",13
"fourday",2
"fourth",2
"fouryear",2
"franchise",1
"fransd",1
"frazee",1
"frederickson",1
"free",4
"freedom",3
"freeways",1
"freezes",3
"frequently",1
"fresh",2
"friend",2
"friends",2
"fruits",2
"fueling",1
"fuels",2
"fulfill",1
"fulfilling",1
"full",1
"fully",2
"functional",1
"functions",1
"fund",11
"funded",1
"funding",28
"funds",3
"furthermore",1
"future",62
"futures",2
"gained",1
"gallery",1
"games",1
"gangs",1
"gap",5
"gaps",2
"garage",1
"gary",2
"gas",1
"gather",2
"gathered",1
"gave",1
"gdp",1
"gen",1
"gender",1
"general",7
"generation",4
"generations",6
"genius",1
"george",1
"germanys",1
"get",9
"gets",2
"getting",3
"gettysburg",1
"giants",1
"gift",1
"gimmicks",1
"give",6
"given",7
"gives",1
"giving",3
"global",8
"goal",6
"goals",4
"god",1
"goes",2
"going",7
"gone",1
"good",16
"goodness",1
"goods",2
"got",2
"gotten",1
"governance",1
"government",31
"governments",6
"governor",22
"governors",3
"grab",1
"grade",9
"graded",1
"graders",3
"grades",1
"gradual",1
"graduate",2
"graduates",3
"graduation",1
"grain",1
"grandchildren",5
"grandchildrends",1
"grandchildrens",1
"grandparent",1
"grandson",1
"grant",1
"grappling",1
"grass",2
"grateful",2
"gratitude",2
"great",16
"greater",9
"greatgrandfather",1
"greatly",5
"greatness",3
"greiling",1
"grew",2
"ground",1
"groundbreaking",1
"group",5
"groups",3
"grove",2
"grow",1
"growers",1
"growing",7
"grown",3
"growth",34
"guaranteed",1
"guardds",1
"guards",2
"guardsman",1
"guardsmen",1
"guest",1
"guests",1
"guidance",4
"guidelines",1
"habitat",2
"habits",1
"half",5
"hallock",1
"hamilton",1
"hand",1
"hands",2
"handson",1
"hang",1
"hanging",1
"happen",5
"happening",4
"happier",1
"hard",9
"hardearned",1
"harder",3
"hardships",2
"hardworking",5
"harley",1
"harming",1
"harmoniously",1
"harsh",2
"hats",1
"havent",1
"head",2
"heading",1
"headline",1
"headlines",2
"headquartered",2
"heads",3
"health",42
"healthcare",1
"healthier",5
"healthiest",1
"healthy",6
"hear",2
"heard",3
"hearing",1
"heart",2
"heartfelt",1
"hearts",1
"held",1
"help",24
"helped",4
"helps",2
"hero",1
"heroes",2
"heroic",4
"heroically",2
"heroism",1
"hhs",1
"high",18
"higher",35
"highest",18
"highly",2
"highquality",1
"highspeed",1
"highstakes",1
"hightax",1
"highway",3
"highways",9
"hills",1
"hire",1
"hiring",1
"historians",2
"history",1
"hitchdoc",1
"hold",1
"holding",1
"holds",1
"home",13
"homeowners",1
"homes",3
"honest",4
"honor",4
"honored",1
"hope",6
"hopedd",1
"hopeful",1
"hopefully",1
"horizon",1
"horrendous",1
"horrors",2
"hospital",1
"hospitalized",1
"hospitals",2
"hot",2
"hotel",1
"hotels",1
"hour",2
"hourly",1
"hours",3
"house",6
"households",1
"however",40
"hoyt",1
"huge",1
"hugging",1
"human",5
"hundred",1
"hundreds",2
"hunker",1
"husband",1
"idea",2
"ideals",1
"ideas",14
"identified",1
"identify",3
"identities",1
"ideological",1
"ideologies",2
"idm",1
"ignore",1
"ill",2
"illegal",1
"illinois",1
"illustrate",1
"illustration",1
"imagined",1
"immediately",2
"imminent",1
"impact",1
"impart",1
"imperative",1
"imperatives",1
"implement",3
"implemented",1
"implementing",4
"implore",1
"imply",1
"importance",4
"important",28
"importantly",2
"impose",1
"imposed",2
"impossible",4
"impressed",1
"improve",20
"improved",9
"improvement",6
"improvements",16
"improving",18
"inactions",1
"inadequate",5
"incentives",5
"incidences",1
"include",1
"included",1
"includes",1
"including",2
"inclusive",2
"income",18
"incomes",4
"incorporate",1
"increase",13
"increased",19
"increases",10
"increasing",5
"index",1
"indexed",1
"individual",1
"individually",1
"individuals",2
"industries",5
"industrious",1
"industry",4
"inequality",1
"inequities",1
"inescapable",1
"inevitably",1
"inexplicable",1
"infantry",1
"inflation",1
"inflationadjusted",1
"influenced",1
"information",3
"informed",1
"infrastructure",6
"ingenuity",1
"inhabitants",1
"inherit",1
"inherited",5
"initial",2
"initiative",6
"initiatives",4
"injured",1
"innocent",1
"innovating",1
"innovation",5
"innovations",1
"inperson",1
"inside",1
"insist",1
"inspire",1
"installed",1
"instate",2
"instead",4
"institute",1
"instituted",2
"institutions",4
"instruction",1
"instructor",1
"insurance",8
"integrating",1
"integrity",1
"intended",1
"intensified",1
"interchange",1
"interconnected",1
"interest",4
"interested",2
"interests",5
"international",5
"intertwined",1
"introduces",1
"invaluable",1
"inventive",1
"inver",1
"invest",31
"invested",5
"investing",1
"investment",6
"investments",35
"invite",4
"invited",1
"inviting",1
"involve",1
"involved",5
"involving",1
"iowa",3
"iraq",3
"iron",2
"irrrb",1
"isnt",1
"issued",1
"issues",2
"itasca",1
"itd",1
"itds",2
"jack",1
"jackson",3
"jacksons",2
"james",2
"jams",1
"january",3
"japans",1
"jargon",1
"jason",1
"jeopardize",1
"jessons",1
"jim",1
"job",17
"jobcreating",1
"jobs",58
"john",2
"johnston",1
"join",5
"joined",3
"journal",1
"judge",4
"judged",3
"judicial",1
"july",4
"juncture",1
"junior",2
"just",33
"justice",3
"juvenile",1
"kahn",2
"kaler",3
"kathy",1
"keep",10
"keeps",1
"kelliher",1
"kellihers",1
"kennedy",1
"kept",1
"kerska",4
"key",9
"kick",1
"kids",3
"kind",3
"kindergarten",11
"kleis",1
"know",11
"knowledge",1
"knowledgebased",1
"known",1
"knows",2
"koch",2
"kuwait",2
"labor",4
"lack",4
"lag",1
"lagged",1
"lagging",2
"lags",1
"laid",1
"lake",1
"lakes",3
"land",1
"landowners",1
"landwehr",1
"lane",1
"languages",1
"lanning",1
"large",7
"largely",1
"larger",1
"largest",8
"larry",1
"last",38
"lasting",3
"late",1
"later",3
"latest",3
"lather",1
"latino",1
"launch",1
"launched",1
"law",6
"laws",3
"lawyers",1
"layoffs",1
"lead",9
"leader",7
"leaders",22
"leadership",7
"leading",3
"leadingedge",1
"leads",1
"lean",1
"leap",1
"learn",8
"learned",1
"learners",1
"learning",8
"least",4
"leave",2
"leaves",4
"leaving",2
"led",6
"lees",1
"left",8
"leg",1
"legacy",5
"legally",1
"legislation",4
"legislative",19
"legislator",3
"legislators",20
"legislature",38
"legislatureds",1
"legislatures",1
"less",16
"lessons",1
"let",17
"letds",5
"lets",2
"letter",1
"level",7
"levels",7
"leveraged",2
"lewis",2
"lga",1
"license",4
"licensure",2
"lieutenant",1
"life",12
"lifetime",1
"lift",1
"lifted",2
"like",15
"liked",1
"likely",2
"likes",1
"limit",1
"lincoln",2
"line",1
"list",2
"listen",1
"listening",1
"lists",1
"literacy",1
"literature",1
"little",4
"live",10
"lives",31
"living",8
"loads",1
"loans",3
"lobbyists",1
"local",12
"locally",2
"locate",3
"located",3
"locations",1
"locked",3
"loggers",1
"long",9
"longawaited",1
"longer",4
"longerterm",1
"longest",1
"longterm",1
"look",6
"looking",4
"lose",3
"losers",1
"loss",1
"lost",6
"lot",2
"lots",1
"louis",2
"louisiana",1
"love",4
"loves",1
"low",4
"lower",7
"lowered",1
"lowertown",1
"lowest",9
"lowincome",1
"lowinterest",1
"lucinda",1
"lunch",3
"lunches",2
"luverne",3
"madam",2
"made",17
"madelia",1
"magazine",3
"magnet",1
"magnetation",1
"magnificent",1
"magnitude",1
"magnus",1
"maintain",4
"major",6
"majority",3
"make",35
"makes",4
"making",14
"males",1
"malfunctioned",1
"managed",2
"management",1
"managing",1
"mandated",1
"mankato",2
"manufacturers",1
"manufactures",1
"manufacturing",2
"many",39
"maple",1
"maplewood",1
"marines",1
"mark",1
"marked",1
"marriage",2
"marry",2
"marshall",1
"marvin",1
"masquerading",1
"math",4
"mathematics",2
"matter",3
"matters",1
"maxfield",1
"maximum",1
"may",12
"mayo",5
"mayor",5
"mayors",1
"mayos",1
"mccarthy",1
"mccormick",2
"mean",5
"means",15
"meant",2
"meantime",1
"meanwhile",1
"measure",6
"measures",5
"mechanic",1
"mechanical",1
"medal",1
"median",1
"medical",7
"mediocre",1
"medtronic",1
"meet",4
"meets",1
"members",8
"men",4
"mention",3
"mentioned",1
"mentoring",1
"merged",1
"mess",1
"messd",1
"met",1
"methods",1
"metro",3
"metropolitan",2
"michigan",1
"middle",1
"middleclass",5
"middleincome",1
"midwest",1
"might",5
"milder",1
"miles",1
"military",3
"millennials",1
"million",43
"mills",3
"mind",1
"minds",1
"mindy",1
"minimum",2
"minimumwage",1
"mining",1
"minneapolis",4
"minnesota",218
"minnesotads",7
"minnesotan",2
"minnesotans",63
"minnesotas",32
"minnesotasouth",1
"minnpostds",1
"minority",1
"minute",1
"miracle",1
"miserable",1
"missing",1
"mississippi",1
"mistaken",1
"mmb",2
"mndot",3
"mnscu",10
"mnscus",1
"mnsure",4
"model",1
"modernizing",1
"moe",1
"mohns",1
"moment",2
"moments",1
"mondale",2
"money",12
"monies",1
"month",5
"months",6
"monumental",1
"morning",1
"mostly",3
"mother",2
"move",4
"moved",1
"moving",2
"mpca",2
"much",23
"muchneeded",2
"multibillion",1
"multinational",1
"municipalities",1
"must",24
"named",1
"narrow",1
"nash",1
"nation",22
"national",22
"nationally",1
"native",1
"natural",6
"nature",1
"nearby",2
"nearly",6
"nearretirees",1
"necessary",10
"necessities",1
"necessity",1
"need",59
"needed",11
"needing",1
"needs",9
"negotiating",1
"negotiations",1
"neighborhood",1
"neighbors",2
"neither",1
"net",1
"network",1
"networks",1
"nevada",1
"never",3
"nevertheless",1
"new",66
"news",2
"newspaper",2
"next",42
"night",3
"ninth",1
"none",1
"nonpartisan",1
"nonprofits",1
"north",2
"northern",1
"noseworthy",1
"note",1
"noted",1
"nothing",3
"noting",1
"notion",1
"novel",1
"november",1
"novembers",1
"now",39
"nowd",3
"nowhere",1
"number",11
"numbers",2
"nurses",3
"nursing",1
"nutrients",1
"nutritious",2
"obama",1
"obese",1
"obtain",1
"obviously",2
"occur",4
"occurred",3
"occurs",1
"october",1
"oddnumbered",1
"offend",1
"offer",8
"offered",3
"offering",1
"offers",2
"office",14
"officer",6
"officers",4
"officials",6
"offset",1
"often",3
"old",5
"oldest",1
"oldfashioned",1
"olds",2
"olinske",2
"olmsted",2
"olson",1
"one",57
"onefifth",1
"onefourth",1
"onehalf",1
"oneminute",1
"ones",3
"onestop",2
"onethird",3
"online",2
"onto",1
"open",4
"opened",1
"operate",2
"operates",1
"operating",1
"operation",1
"operational",1
"operations",1
"opponents",1
"opportunities",12
"opportunity",7
"oppose",1
"opposed",1
"option",2
"optional",1
"options",2
"order",5
"orders",2
"ordinary",1
"organization",1
"organizations",1
"organized",1
"original",1
"originally",1
"others",11
"otherwise",2
"outclass",1
"outcome",1
"outcomes",1
"outcompete",1
"outcry",1
"outdoor",1
"outdoors",1
"outeducate",1
"outlined",1
"outperformed",1
"outreach",1
"outstanding",9
"outstate",1
"overall",10
"overlooked",1
"overriding",1
"overweight",1
"overwhelm",1
"overwhelming",1
"overwhelmingly",1
"owatonna",1
"owe",1
"owed",1
"owner",1
"owners",3
"oxygen",1
"oxymoron",1
"pace",3
"page",1
"paid",3
"painful",2
"pains",1
"paper",1
"paramount",1
"parent",3
"parents",13
"parity",1
"park",5
"parks",2
"parnell",2
"part",5
"participating",1
"participation",3
"parties",4
"partisan",2
"partly",2
"partner",1
"partners",2
"partnership",2
"partnerships",4
"parttime",1
"pass",7
"passed",8
"passengers",1
"passing",5
"past",23
"path",7
"pathway",1
"patriotism",1
"paul",6
"pauls",1
"pawlenty",1
"pay",13
"payforperformance",1
"paying",8
"pays",1
"peace",1
"pedestrian",1
"penalties",1
"penny",1
"pentagon",1
"people",59
"pepsi",1
"per",12
"percapita",4
"percent",15
"percentage",3
"perfect",2
"perfection",1
"performance",5
"performances",1
"performed",1
"perhaps",2
"permanent",1
"permit",3
"permitting",4
"perpich",1
"perpupil",6
"person",4
"personal",2
"personally",1
"persons",1
"perspective",4
"pew",1
"phase",1
"philanthropic",1
"phillips",1
"phillipsd",1
"phone",1
"physical",6
"pioneering",1
"pioneers",1
"pipeline",2
"pipelines",2
"pit",1
"pitch",1
"pitfalls",1
"pitted",1
"place",5
"placed",1
"places",2
"plan",6
"plans",2
"plant",2
"plants",2
"playground",1
"please",11
"pleased",4
"pledge",1
"ploy",1
"plumbers",1
"plymouth",1
"poachers",1
"pogemillerthe",1
"points",1
"poised",1
"polar",1
"polaris",1
"police",6
"policies",6
"policy",1
"policymakers",1
"political",5
"politicians",2
"politico",1
"politics",1
"polluted",2
"polluting",1
"pollution",3
"pool",1
"pooled",1
"poor",3
"poorer",1
"poorly",2
"popular",2
"population",3
"portrayed",1
"position",3
"positions",2
"positive",2
"positively",1
"possibility",1
"possible",9
"possibly",2
"postcard",1
"postponed",2
"postsecondary",9
"posturing",1
"postworld",1
"potential",2
"pound",1
"poverty",3
"power",2
"practices",3
"prairie",3
"prayer",2
"prayers",1
"pre",1
"predicted",1
"preeminence",1
"preexisting",1
"prefer",1
"preferred",1
"pregnancy",1
"prekindergarten",1
"premier",1
"premiums",1
"preoccupied",1
"preparation",1
"prepare",6
"prepared",1
"prerecession",1
"prerequisite",1
"presence",1
"present",3
"presently",1
"preserve",3
"president",16
"presidential",1
"presidents",3
"prettner",3
"prevent",1
"preventative",1
"prevents",1
"previous",8
"previously",6
"price",3
"priceless",2
"prices",1
"pride",1
"primarily",1
"primary",1
"principal",6
"principals",3
"principle",1
"principles",3
"printers",1
"priorities",4
"priority",7
"private",18
"privatesector",1
"probably",2
"problems",7
"procedures",1
"process",4
"processes",3
"processing",1
"proclaimed",1
"produce",2
"produced",4
"producing",1
"product",2
"production",1
"productive",4
"productively",2
"productivity",6
"products",2
"professes",1
"professionals",3
"professor",2
"professors",1
"profiles",1
"profit",1
"profitable",2
"profits",1
"profound",1
"program",15
"programs",14
"progress",19
"progressing",2
"project",8
"projected",8
"projects",11
"prominence",1
"promise",3
"promised",2
"promises",1
"promising",2
"proof",1
"proper",1
"properly",3
"property",3
"proportionate",1
"proposal",8
"proposals",7
"propose",1
"proposed",15
"proposes",2
"proposing",4
"prosper",3
"prosperity",5
"prosperous",2
"protect",5
"protected",2
"protecting",2
"protection",1
"protections",3
"proud",2
"proudly",1
"prove",1
"proven",2
"provide",22
"provided",2
"providers",4
"provides",6
"providing",14
"provisions",1
"provost",1
"public",44
"publicprivate",2
"purchases",1
"purchasing",1
"purpose",5
"put",7
"puts",1
"putting",5
"qaeda",1
"quality",32
"quarter",1
"quartercentury",1
"quarters",1
"question",4
"questioned",3
"questions",1
"quickly",2
"quie",2
"quite",1
"quo",2
"quote",1
"quoted",1
"race",1
"rail",1
"raise",5
"raised",1
"raises",2
"raising",2
"ran",2
"rang",1
"range",4
"rank",3
"ranked",7
"ranking",1
"rankings",1
"ranks",3
"rapidly",2
"rapids",1
"rare",1
"rate",9
"rated",1
"rates",10
"rather",7
"rating",1
"razor",1
"reach",4
"read",2
"reading",5
"readoutloud",1
"reads",1
"ready",3
"reaffirm",1
"real",22
"realistic",1
"reality",2
"realize",1
"realizing",1
"reallocating",1
"really",2
"rear",1
"reason",4
"reasons",2
"receive",2
"received",4
"receiving",1
"recent",10
"recently",4
"recession",6
"recessions",2
"reclaim",1
"recognition",1
"recognize",3
"recognized",3
"recognizing",1
"recommend",1
"recommended",1
"record",3
"records",2
"recover",1
"recovery",4
"recreation",1
"recreational",2
"red",3
"redesign",1
"rediscovered",1
"reduce",8
"reduced",4
"reducing",8
"reduction",2
"reductions",5
"redundant",1
"reestablish",1
"reevaluate",1
"reflecting",1
"reflects",1
"refocus",1
"refocused",1
"reform",9
"reformers",1
"reforming",1
"reforms",7
"reframing",1
"refunds",1
"regain",2
"regained",3
"regarding",1
"regiment",1
"region",1
"regions",2
"registration",1
"regular",3
"regulations",1
"rejected",1
"related",1
"relationships",1
"relearn",1
"releasing",1
"reliable",2
"reliably",1
"reliance",1
"remain",7
"remainder",1
"remained",1
"remaining",6
"remarkable",4
"remember",4
"reminder",1
"reminding",1
"reminds",1
"renewable",1
"renewables",1
"renewals",1
"renovate",1
"renovations",1
"renowned",1
"reopened",1
"repaid",1
"repair",1
"repaired",1
"repairs",2
"repay",1
"repeat",1
"repeated",1
"repeating",1
"replace",1
"replaced",1
"report",7
"reported",2
"reportedly",1
"reports",1
"represent",1
"representative",5
"representatives",3
"republican",5
"republicancontrolled",1
"republicans",1
"request",1
"requested",1
"require",9
"required",5
"requirement",1
"requirements",2
"requires",2
"rerouting",1
"research",4
"resent",1
"reservations",1
"reserve",2
"reserves",1
"residential",1
"residents",5
"resist",1
"resolve",2
"resolved",1
"resources",8
"respect",1
"respectful",1
"respond",1
"responded",1
"responding",1
"response",1
"responsibilities",4
"responsibility",11
"responsible",4
"responsibly",2
"rest",16
"restaurants",1
"restoration",1
"restore",4
"restoring",2
"result",7
"resulting",1
"results",4
"resurgence",1
"retain",1
"retaining",1
"retaken",1
"retirees",1
"retirement",1
"retiring",2
"retool",1
"retooling",1
"retools",1
"return",6
"revamping",1
"revenue",3
"revenues",12
"reverse",3
"reversing",2
"review",1
"reviews",1
"revising",1
"revitalization",2
"revitalize",2
"revived",1
"revolutionizing",1
"rewarding",1
"reworked",1
"richard",2
"richest",1
"right",13
"rightful",1
"rightfully",3
"rights",1
"rigid",1
"rigors",1
"risen",1
"rising",2
"risk",3
"risked",1
"river",1
"rivers",1
"road",5
"roads",8
"robert",2
"rochester",9
"rochesters",2
"rocks",1
"role",1
"rolvaag",1
"ron",2
"ronald",1
"room",3
"rosen",1
"rosenstone",3
"rote",1
"rough",1
"routed",1
"routes",1
"routine",1
"routines",1
"royalties",1
"rudy",1
"ruining",1
"rule",1
"rules",1
"run",1
"running",1
"rush",1
"ryan",1
"rybak",1
"sacrifice",2
"sacrificed",1
"sacrifices",1
"saddled",1
"safe",9
"safety",8
"saga",1
"said",13
"salary",1
"salute",1
"satisfaction",1
"satisfied",2
"satisfy",1
"sauk",1
"savaging",1
"save",4
"saved",5
"saving",3
"savings",5
"say",17
"saying",3
"says",2
"scared",1
"scholarships",2
"school",51
"schoolchildren",1
"schools",20
"schowalter",1
"schwans",1
"science",6
"scores",4
"screenings",1
"search",1
"searched",1
"seas",1
"second",8
"secondary",3
"sector",10
"sectors",2
"secure",2
"security",1
"see",8
"seek",1
"seem",1
"seemed",1
"seen",1
"segetis",1
"segment",1
"seldom",1
"selected",1
"selective",1
"selfinterest",1
"selfless",1
"senate",4
"senator",8
"senators",2
"send",3
"senior",1
"seniors",2
"sense",2
"sent",2
"september",2
"sergeant",3
"serious",3
"seriously",2
"serve",8
"served",7
"serves",1
"service",18
"serviced",1
"services",34
"serving",1
"session",19
"sessionds",1
"sessions",3
"set",2
"seven",1
"sevenperson",1
"sevenup",1
"several",7
"severe",2
"severely",1
"sewer",1
"sex",1
"shakopee",1
"shall",1
"shamed",1
"shameful",1
"shape",1
"shapes",1
"share",8
"shared",6
"shares",1
"shift",1
"shifted",1
"shifts",1
"ship",7
"shop",2
"shops",1
"short",3
"shortcomings",2
"shorten",1
"shortened",1
"shortening",2
"shorter",1
"shortly",1
"shouldnt",1
"show",10
"showing",1
"shut",4
"shutdown",2
"shutterfly",1
"side",1
"sided",1
"sides",1
"sign",1
"signed",3
"significant",9
"significantly",4
"signs",3
"silicon",1
"similar",2
"simple",2
"simplifies",1
"since",11
"sincere",1
"sit",1
"site",1
"sites",1
"sitting",1
"six",4
"size",1
"sizes",2
"skeptical",1
"skilled",1
"skills",3
"skirmishes",1
"slashed",1
"slate",1
"slide",1
"slow",1
"slower",1
"small",3
"smaller",3
"smart",1
"smarter",1
"smith",1
"snowscarce",1
"socalled",1
"social",10
"softdrink",1
"solar",1
"soldier",1
"soldiers",2
"solon",3
"solution",3
"solutions",2
"solve",4
"someone",4
"something",4
"somewhere",1
"son",4
"sonju",1
"sons",2
"soon",4
"sooner",2
"sorel",1
"sorry",1
"sorts",1
"sources",1
"south",4
"southwestern",1
"space",1
"spared",1
"speaker",5
"speaking",1
"spearhead",1
"special",5
"specialized",1
"specially",1
"spectrum",1
"spencer",1
"spend",5
"spending",17
"spends",1
"spent",6
"spirit",2
"spoken",1
"sponsor",1
"spread",1
"spring",2
"springboards",1
"squandered",1
"stability",2
"stadium",6
"stadiumd",1
"staff",8
"staffs",1
"stagnant",1
"stakeholders",1
"stakes",1
"stalemates",1
"stalled",2
"stand",3
"standard",1
"standards",1
"standing",2
"standings",1
"stands",1
"stanford",1
"star",3
"start",5
"started",6
"starting",4
"starts",1
"startups",1
"state",175
"stateds",2
"statefunded",1
"stateoftheart",3
"states",81
"statesd",1
"statewide",6
"status",2
"statute",1
"stay",2
"steadily",1
"steel",2
"steger",1
"step",2
"steps",4
"steven",2
"steward",1
"stewards",1
"stewardship",2
"stick",1
"sticking",1
"stifle",2
"stifled",1
"still",26
"stockholders",1
"stood",2
"stop",3
"stordahl",1
"stores",2
"story",3
"straight",3
"strain",1
"strategies",5
"strategy",4
"streamline",1
"streamlined",2
"streamlining",1
"streams",1
"street",1
"streets",2
"strength",1
"strenuous",1
"strive",1
"strong",5
"stronger",2
"strongly",3
"structure",4
"struggle",1
"struggled",1
"struggling",1
"stuck",1
"student",3
"students",35
"studies",2
"study",3
"stumpf",1
"submit",1
"submitted",1
"succeed",10
"succeeded",2
"success",32
"successes",7
"successful",14
"successfully",2
"suffer",2
"suffered",1
"suffering",1
"suffers",3
"suggest",1
"suggestions",1
"sundays",1
"sunscreen",1
"superbowl",1
"superintendent",1
"superintendents",2
"superior",1
"superiority",1
"supervised",1
"supervisor",1
"supervolunteer",1
"supplemental",1
"suppliers",1
"supply",1
"support",34
"supported",2
"supporting",1
"supposed",1
"supreme",1
"sure",1
"surge",1
"surpass",1
"surplus",14
"surpluses",1
"surprise",1
"surrender",1
"surrounded",2
"survey",1
"surveyed",1
"surveys",1
"sustainable",2
"sweeping",1
"swim",1
"system",13
"systems",18
"take",10
"taken",4
"takes",3
"taking",4
"talented",4
"talents",2
"taliban",1
"talk",1
"talked",1
"target",2
"targets",1
"taught",3
"tax",35
"taxation",1
"taxes",26
"taxpayers",6
"taxpayersd",1
"teach",4
"teacher",6
"teachers",14
"teaches",2
"teaching",2
"team",3
"teams",3
"tear",1
"technically",1
"technologies",2
"technology",5
"ted",1
"teenage",1
"television",1
"tell",4
"telling",1
"tells",1
"tempting",1
"ten",4
"term",5
"terrible",4
"terribly",1
"terrific",4
"terrified",1
"test",2
"tested",2
"testimony",1
"testing",7
"tests",5
"thank",16
"thanks",4
"thatds",2
"thats",4
"themd",1
"theme",1
"thereafter",1
"therefore",1
"theres",1
"theyre",7
"thief",1
"thing",1
"things",4
"think",2
"third",14
"thirdgrader",1
"thirteen",1
"thirty",1
"thissen",3
"thomas",1
"thormodson",1
"though",3
"thought",1
"thousand",6
"thousands",7
"threaten",3
"three",10
"thrive",2
"thriving",1
"throughout",19
"throwing",1
"thus",5
"time",30
"timeline",1
"timelines",3
"times",5
"tina",3
"tobacco",1
"today",28
"todays",2
"todd",3
"together",29
"told",7
"toll",1
"tom",3
"tomorrow",2
"tonight",15
"took",9
"tool",1
"tools",1
"top",11
"topd",1
"topped",1
"toro",2
"total",3
"totaling",1
"touch",1
"tougher",1
"tour",3
"tourism",1
"toward",7
"town",1
"township",1
"trades",1
"traditional",1
"traffic",2
"trails",1
"trained",2
"training",2
"trajectory",1
"transform",2
"transformation",3
"transformational",1
"transformative",1
"transforming",1
"transit",9
"transition",1
"transport",1
"transportation",21
"traveled",2
"treasury",1
"treating",1
"treatment",1
"treatments",1
"trees",1
"tremendous",4
"trend",1
"trends",1
"tribute",3
"tried",2
"trouble",3
"truck",1
"true",5
"trust",3
"trusts",1
"truth",5
"try",2
"trying",1
"tuesday",1
"tuition",5
"tuitions",5
"tunheim",1
"turkey",1
"turn",5
"turnaround",3
"turnarounds",1
"turned",2
"turning",1
"tutelage",1
"tutoring",1
"twenty",3
"twentyfive",1
"twice",3
"two",37
"twoandahalf",1
"twoblock",1
"twolane",1
"twoyear",3
"typically",1
"ulseth",1
"unable",4
"unacceptable",3
"unbelievable",1
"uncertainties",1
"uncertainty",1
"uncles",2
"uncola",1
"underfunded",1
"underfunding",1
"understand",3
"understandably",1
"undertaking",1
"undoing",1
"unemployed",8
"unemployment",6
"unfair",4
"unforeseeable",1
"unfortunately",7
"uniform",1
"uniforms",1
"unimaginable",1
"uninsured",1
"union",5
"unique",2
"unit",1
"unite",1
"united",9
"unity",6
"universities",14
"university",14
"universitys",3
"unknown",1
"unless",1
"unlike",1
"unlikely",1
"unmet",2
"unnamed",1
"unnecessary",2
"unoccupied",1
"unprecedented",1
"unproven",1
"unreasonably",1
"unsafe",1
"unselfish",1
"unsession",4
"unthinkable",1
"untrue",1
"unusual",1
"unusually",1
"unwilling",1
"upgrade",1
"upgrading",2
"upon",16
"upper",2
"upstairs",1
"urge",6
"urgency",1
"urgent",1
"urgently",1
"use",9
"used",5
"users",1
"usually",2
"utilize",1
"utmost",1
"valley",1
"valor",2
"valuable",1
"value",5
"valued",1
"values",1
"vegetables",2
"ventura",2
"verbiage",1
"vernosh",1
"veteran",1
"veterans",6
"veterinary",1
"vibrant",1
"vice",2
"victimize",1
"view",2
"views",1
"vikings",1
"violence",1
"viracon",1
"virtually",2
"virtues",1
"visionary",2
"visit",1
"visiting",1
"visits",1
"vital",2
"vitality",5
"vitally",2
"volatile",1
"volunteer",2
"volunteers",2
"vote",1
"voted",2
"voting",1
"vow",1
"vulnerability",1
"wage",2
"wages",2
"wait",7
"waiting",2
"waits",1
"walk",1
"walked",1
"walking",1
"wall",1
"want",40
"wanted",3
"wants",9
"war",4
"wasndt",1
"waste",1
"watching",1
"water",16
"wave",1
"wavier",1
"way",21
"ways",5
"weakens",1
"wealthiest",3
"wealthy",1
"wear",1
"wearing",1
"website",1
"wedre",2
"week",8
"weekday",1
"weekend",1
"weeks",12
"welcome",1
"well",24
"wellbeing",5
"welleducated",2
"wells",1
"wellunderstood",1
"wendell",1
"went",3
"wenzel",6
"wenzels",1
"weve",2
"wfsi",1
"whatever",5
"whats",3
"whether",10
"whoever",2
"whomsoever",1
"whose",4
"widening",1
"wider",1
"wife",2
"wildlife",2
"will",159
"willing",2
"willmar",1
"win",1
"wind",1
"winners",3
"winning",1
"winters",1
"wire",1
"wisconsin",2
"wisdom",4
"wise",1
"wisely",3
"wish",2
"within",3
"without",11
"witnessed",1
"women",6
"wonder",5
"wonderful",4
"wondt",1
"wont",7
"wood",1
"woods",1
"word",2
"words",5
"work",52
"worked",7
"workers",7
"workforce",5
"workforces",1
"working",25
"workplace",1
"works",2
"world",28
"worldclass",4
"worldcommunications",1
"worldds",1
"worldpremier",1
"worldrenowned",1
"worlds",3
"worldwide",1
"worse",6
"worsening",1
"worstperforming",1
"worth",2
"worthington",4
"worthy",1
"wouldndt",1
"write",1
"wrong",5
"wrote",2
"wyoming",1
"xers",1
"year",64
"yearago",1
"yearold",2
"yearolds",3
"years",74
"yearsold",1
"yes",2
"yesterday",1
"yet",11
"yields",1
"york",1
"youdre",1
"young",8
"younger",1
"youngest",1
"youre",5
"youths",1
"yvonne",2
"zellers",2
"zero",1
"zone",1
"zones",1
