dflwords,dflranks
aar,1
aarp,1
aasen,2
abandon,2
abandoned,1
abandoning,1
abilities,4
ability,14
able,8
ablebodied,1
aboard,1
abraham,1
absolute,1
absolutely,5
absorb,1
abundance,1
abuse,1
abused,1
academic,3
accelerate,2
accelerates,1
accept,4
acceptable,2
accepted,5
accepting,2
access,19
accommodate,1
accomplish,2
accomplished,7
accomplishment,1
accomplishments,4
accord,2
according,5
accordingly,2
account,3
accountability,4
accountable,4
accountants,1
accounts,1
accusing,1
accustomed,1
achieve,16
achieved,9
achievement,6
achievements,1
achievers,1
achieving,2
acid,4
acknowledge,1
acknowledged,1
acknowledging,1
acquired,1
acres,4
across,6
act,22
acted,3
acting,1
action,17
actions,10
active,2
actively,1
activities,3
activity,4
acts,1
actually,1
ada,1
adam,2
adapt,1
add,4
added,6
addicted,3
addiction,2
addicts,1
adding,1
addition,9
additional,23
address,11
addresses,2
addressing,1
adds,2
adequacy,1
adequate,3
adequately,1
adjournment,1
adjust,3
adjusting,1
adjustments,3
adjutant,1
adlai,1
administration,30
administrations,2
administrative,3
administrators,3
admiration,1
admit,1
adopt,8
adopted,4
adopting,1
adoption,1
adult,1
adults,5
advance,4
advanced,4
advancements,1
advancing,1
advantage,2
advantages,2
adverse,1
adversities,1
adversity,2
advise,1
advisor,1
advisory,1
advocacy,1
advocates,1
advocating,1
affair,1
affairs,2
affect,6
affected,3
affects,1
affirmative,1
affirmed,1
affirms,1
afford,9
affordability,1
affordable,13
afghanistan,2
aforementioned,1
afraid,1
africanamerican,1
afterall,1
aftercare,1
afterinflation,2
aftermath,1
afternoon,3
afterschool,3
afterthought,1
agbamu,2
agco,1
agcos,1
age,12
aged,1
ageing,1
agencies,9
agenciesschools,1
agency,11
agenda,4
agendas,2
agents,1
ages,3
aggressively,2
aging,2
ago,54
agree,11
agreed,3
agreement,1
agreements,1
agri,1
agricultural,9
agriculture,18
agrinews,1
agriprocessing,2
ahead,20
aid,16
aids,1
aimed,1
air,6
airport,2
airports,1
aisle,1
alabama,1
alarmed,2
alarming,1
alaska,2
alaskas,1
alcohol,2
alcoholic,1
alec,5
alienates,1
align,2
aligned,1
alignment,2
alike,1
allday,10
allegiance,1
allen,1
alleviate,1
allocate,1
allocated,1
allout,1
allow,4
allowable,1
allowing,2
allows,2
alltime,2
ally,1
almost,13
alone,15
along,11
alphabetical,1
already,38
also,122
alter,1
alternative,10
alternativeexcept,1
alternatives,1
although,3
always,14
amazed,1
amended,1
amendment,7
america,7
americain,1
american,13
americans,6
americas,2
amidst,1
among,31
amount,10
amounts,2
ana,1
analysis,4
analyzing,2
anchor,2
ancient,1
andersen,1
anderson,11
andersons,2
andrew,1
anew,2
angel,2
angels,1
anguish,1
animals,4
annals,1
anniversary,1
announce,1
announced,8
announcements,1
announcing,2
another,52
anothers,1
answer,8
answered,1
answers,2
anthony,1
antibullying,1
anticipate,3
anticipated,1
anticipating,1
antidiscrimination,2
antidrug,1
antoinette,2
anton,1
anxiety,1
anxietyprovoking,1
anybody,2
anyone,6
anything,5
anywhere,7
apache,1
apart,1
apartments,2
apathy,1
appalling,1
apparent,2
appeal,1
appealing,1
appeals,1
appear,2
appears,2
appetite,1
applaud,1
applauded,1
apples,1
appleton,1
application,2
applications,2
applied,6
apply,6
applying,1
appoint,2
appointed,4
appointive,1
appointment,1
appointments,1
appomattox,1
appreciate,5
appreciated,1
appreciation,1
apprehension,1
approach,10
approaches,1
appropriate,4
appropriation,2
appropriations,3
approval,3
approve,3
approved,4
approximately,8
arbitration,1
architects,1
archives,1
arctic,2
ardell,1
area,15
areas,21
argue,2
argued,1
argyle,1
arizona,1
armories,1
army,1
armys,1
arne,1
around,16
aroundtheworld,1
aroused,1
arrangement,1
arrogance,1
art,2
artco,1
arteries,3
article,2
arts,7
asbestiform,1
ascend,1
ascendancy,1
aside,2
ask,42
asked,19
asking,11
ason,1
aspect,2
assembled,1
assembly,1
assess,3
assessment,1
assessments,1
assign,1
assigned,2
assigning,1
assignment,2
assignments,1
assist,3
assistance,14
assistant,1
assisted,1
associate,1
association,4
associations,1
assume,1
assumed,3
assure,7
assuring,2
astate,2
athletic,1
atlantic,1
attain,1
attainment,1
attainments,1
attempt,3
attempted,1
attempting,1
attend,1
attended,2
attending,1
attention,21
attitude,1
attorney,1
attract,6
attracting,2
attributes,1
audit,1
auditing,1
auditor,1
august,1
austere,1
author,1
authored,1
authority,5
authorized,1
authors,1
auto,1
automatically,1
automobile,3
automobiles,3
automotive,1
availability,2
available,19
average,23
averaged,1
avian,1
aviation,1
avoid,3
avoiding,2
avti,2
avtis,2
await,1
awaiting,1
awaits,1
award,1
awarded,2
awardwinning,1
aware,6
away,3
awesome,2
axis,1
babbitt,1
baby,1
baccalaureate,1
back,42
backbone,1
backgrounds,1
backpack,1
backs,2
backward,1
backwards,1
bad,10
badly,2
bag,1
bags,3
bailed,1
bailey,5
bakk,2
bakkens,1
balance,11
balanced,13
balances,1
balancing,3
ballot,1
bank,5
banking,1
bankrupt,1
bankruptcies,1
bankruptcy,2
barely,1
bargaining,1
barrier,2
base,3
based,6
basic,15
basis,5
battalion,1
battered,1
battle,3
baxter,1
bay,1
beacon,1
bear,2
beat,4
beaten,1
beautiful,1
beauty,3
became,7
become,29
becomes,3
becoming,5
beds,1
befouled,1
began,12
begin,18
beginning,15
begins,1
begun,8
behind,12
beings,1
beleaguered,1
belief,3
beliefs,1
believe,44
believing,1
belongs,1
belts,2
bemidji,2
benefit,12
benefits,24
benefitted,2
benson,1
beready,1
berg,1
besides,1
best,99
bestmanaged,1
better,125
beverage,1
beverages,1
beyond,16
bible,1
bicentennial,4
bicultural,1
bicycles,1
bids,1
biennial,2
biennium,26
bienniumds,1
bienniums,1
big,11
bigger,1
biggest,1
bike,1
bilingual,1
bill,37
billion,37
billions,2
bills,14
binding,1
bingo,1
biodegradable,3
biomass,1
biosorb,1
biotechnology,2
bipartisan,12
birds,1
black,3
blame,2
blandins,1
blank,1
blatant,1
blazed,1
bless,1
blessed,4
blessing,1
blight,1
blind,1
blinded,1
blindfolds,2
blizzard,2
blizzards,1
bloating,1
blood,1
bloomington,2
blow,1
blue,2
blueprint,11
blueribbon,1
board,6
boards,6
boat,1
body,6
bodys,1
boise,1
bold,6
boldly,1
bond,2
bonding,22
bonds,2
bonus,2
book,3
books,1
boom,2
boomer,1
booming,1
boosted,2
boosting,1
booth,1
boots,1
bootstraps,1
borden,1
border,3
bordering,1
borders,2
borman,1
born,1
borrow,1
borrowed,1
borrowing,6
bother,1
bottled,2
bottles,1
bottom,3
bought,3
bow,1
box,1
brad,1
brainerd,1
brainpower,12
branch,4
branches,5
brandl,1
brandls,2
bravely,1
brazils,1
break,1
breakfast,5
breakfasts,2
breaking,1
breakthroughs,1
breathe,1
brede,1
brenda,1
bricks,1
bridge,3
bridgebuilding,1
bridges,8
brief,3
briefly,3
brigade,3
bright,1
brightest,2
brilliant,1
bring,30
bringing,2
brink,1
broad,3
broadband,1
broadbased,1
broadens,1
broader,1
broadway,1
broken,1
brooklyn,2
brothers,1
brought,4
bruce,2
bruininks,2
bucket,2
budget,97
budgeted,1
budgeting,5
budgets,10
buffer,2
build,10
building,15
buildings,6
built,11
bulging,1
bull,1
bulls,1
bur,1
burden,2
burdenand,1
burdens,1
bureau,2
bureaucracy,1
burnet,1
burning,1
bus,3
buses,2
bush,1
bushels,2
bushs,1
business,76
businesses,47
businessman,1
businessmen,3
buttons,1
butz,1
buy,5
cabinet,3
california,3
call,10
called,14
calling,2
calls,1
came,1
cameras,1
campaign,9
campaigned,1
campaigns,6
campers,1
camping,1
campsite,1
campus,4
campuses,9
can,155
canadian,1
cancer,3
candidate,1
candidates,2
candor,1
candt,2
cans,1
cant,12
cap,1
capabilities,1
capability,2
capable,2
capacity,4
capita,8
capital,6
capitalize,3
capitol,11
capsule,1
captures,1
car,1
card,1
care,47
career,5
careers,1
careful,4
carefully,3
caregivers,1
carel,1
cares,2
cargill,1
caring,2
carlson,2
carolina,1
carolyn,1
carried,1
carry,4
carrying,2
cars,7
carson,2
carved,1
cascade,1
case,1
cash,3
cassellius,2
cast,1
casting,1
cat,2
catalyst,1
catalysts,1
catastrophe,1
catch,1
catching,1
categories,2
category,3
cathy,3
caucus,1
caucuses,1
cause,2
caused,1
causing,1
caution,1
celebrate,1
census,4
cent,1
center,13
centerpiece,2
centers,4
central,6
centralizing,1
cents,1
centuries,1
century,15
ceo,1
certain,4
certainly,2
certainty,1
certificate,3
chair,1
chaired,2
chairman,4
challenge,12
challenged,2
challenges,6
chamber,3
chamberfrom,1
chambers,3
chance,9
chancellor,6
change,18
changed,2
changes,9
changing,6
channel,1
channeled,1
chaos,1
chap,1
character,1
characterize,2
charge,1
charging,1
charles,2
charlie,4
chasing,2
chasms,1
cheated,1
check,3
checking,1
checklist,1
checkoff,1
cheese,1
chemical,3
cherish,1
chicago,1
chief,13
child,8
childcare,5
childhood,18
children,64
childrens,3
chinas,1
choice,8
choices,5
choose,9
chooses,1
chose,4
chosen,2
chris,1
christian,1
christopher,1
churches,3
circumstances,1
cite,2
cites,1
cities,18
citizen,5
citizens,67
citizensd,1
city,19
civic,4
civil,1
civilian,1
civilized,1
claim,1
claims,1
clarified,1
clarify,3
clark,2
class,5
classes,3
classifications,2
classified,1
classmates,1
classroom,5
classrooms,8
clean,15
cleaner,2
clear,10
clearer,2
clearly,4
clicks,2
clients,1
climate,13
climb,1
clinic,2
clinicals,1
clinics,2
clock,1
clogged,1
close,7
closed,5
closely,4
closer,3
closing,8
closings,1
clothes,1
clothing,3
cloud,6
clout,1
coal,3
coast,1
coin,1
coke,1
col,2
coleman,5
collaboration,1
collar,1
colleagues,1
collect,1
collected,1
collections,2
collective,2
college,21
colleges,21
colonel,2
colonized,1
color,2
colors,1
column,1
columnist,2
combat,3
combination,2
combine,1
combined,1
combines,1
come,23
comes,6
comfort,1
comfortable,1
coming,8
commander,1
comment,2
commenting,1
commerce,4
commercial,2
commercialindustrial,1
commission,15
commissioner,24
commissions,6
commit,3
commitment,22
commitments,2
committed,6
committedto,1
committee,5
committees,2
commodities,1
common,9
commonwealth,2
communication,1
communities,18
community,29
compact,3
companies,16
company,12
companys,1
comparable,1
compare,1
compared,5
comparing,1
comparison,2
compassion,3
compassionate,1
compassionately,1
compatibility,1
compatible,1
compel,1
compensation,12
compete,3
competed,1
competition,7
competitionthe,1
competitive,21
competitors,1
compiled,1
complacent,2
complained,1
complaint,1
complaints,1
complement,1
complete,7
completed,6
completely,1
completion,3
complex,2
complicated,2
component,4
components,1
composed,1
comprehensive,10
comprises,2
compromise,8
computer,4
computerized,1
computers,6
conceivable,1
concentrate,3
concentrated,2
concentrates,1
concentrating,1
concept,1
concern,3
concerned,3
concerns,7
concerted,2
concluded,3
conclusion,1
concordia,1
condemned,1
condition,8
conditions,4
condon,3
conduct,3
conducted,4
confederate,1
conference,1
confidence,7
confident,1
confidential,2
confirm,1
confirms,1
conflict,3
conflicting,1
confronted,2
confronting,1
congested,1
congestion,1
conglomerates,2
congratulate,2
congress,3
congressional,3
congressman,3
congressmans,1
congressmen,1
connected,2
connie,2
consecutive,1
consensus,2
consequences,3
conservancy,1
conservation,15
conservative,3
conserve,1
consider,16
considerable,2
consideration,8
considerations,1
considered,4
considering,2
consistent,9
consistently,1
consolation,1
consolidate,2
consolidation,1
constant,3
constantly,1
constituents,2
constitute,2
constitution,4
constitutional,17
constitutions,1
constrict,1
constructed,2
construction,13
constructive,1
constructively,1
consultant,2
consume,2
consumer,3
consumers,1
consumes,1
contagious,1
contain,2
contained,1
containers,1
contains,2
contamination,1
contemplate,1
contingency,1
continually,1
continuation,1
continue,49
continued,5
continues,3
continuesto,1
continuing,15
continuous,2
continuously,4
continuum,2
contracted,1
contracting,1
contracts,5
contrary,1
contrast,1
contrasting,1
contribute,4
contributed,1
contribution,2
contributions,7
contributors,2
control,11
controlling,1
controls,1
controversial,1
controversy,2
convenient,1
conversation,1
convictions,1
convince,1
convinced,10
cook,1
cooperate,5
cooperation,12
cooperative,5
cooperatively,2
coordinate,1
coordinated,2
coordinating,1
coordination,1
coordinator,2
cope,1
core,1
corn,4
corne,1
corner,2
cornerand,1
cornerstone,2
cornstarch,2
corporate,9
corporation,18
corporations,10
correct,5
correctional,1
corrections,3
correlated,1
corridor,1
cory,1
cost,23
costeffective,2
costefficient,1
costly,1
costs,16
costsaving,1
cottage,1
couldnt,2
council,7
counsel,1
counselors,1
counterpart,1
counterproductive,1
counties,3
counting,1
countries,5
country,38
countryds,1
countrys,2
counts,1
county,8
couple,2
coupled,1
courage,4
courageous,4
course,5
court,14
courts,3
cover,4
coverage,6
covered,1
crack,1
crackling,1
crash,2
craving,1
crays,1
create,34
created,18
creating,11
creation,32
creative,4
creatively,1
creators,1
credibility,1
credit,22
credits,3
crews,1
crime,3
criminal,6
criminally,1
criminals,1
crippled,1
crippling,1
crisis,20
critical,12
critically,2
criticisms,1
criticize,2
criticizing,2
critics,1
croix,1
cronk,2
crops,5
crosswalks,1
crowded,1
crown,1
crucial,8
crumbling,1
crushing,1
cry,1
cubic,1
cultivate,1
cultural,1
culture,3
cultures,1
curbing,1
current,17
currently,4
curricula,3
curriculum,2
curtail,1
cushion,1
custody,2
customers,1
cut,31
cuts,10
cutting,5
cuttingedge,1
cycle,2
cycles,1
dad,1
daily,1
dakota,13
damage,3
damaged,1
damaging,1
danger,1
dangerous,1
dangerously,1
dangers,1
dare,4
dared,1
daring,1
dark,1
date,1
daughterinlaw,1
daughters,2
daunting,1
dave,2
davis,2
dawn,2
dawson,1
day,27
days,19
dayton,4
dbusiness,1
deadlines,1
deadly,2
deal,14
dealers,3
dealt,1
dean,1
dear,1
death,2
debate,8
debated,1
debt,5
debts,1
decade,15
decades,10
december,3
decent,4
decentpaying,1
decide,6
decided,5
decision,4
decisionmakers,1
decisionmaking,1
decisions,11
decisively,1
decline,6
declined,2
declines,1
declining,3
decreasing,1
decrepit,2
dedicate,2
dedicated,9
dedication,1
deed,3
deep,3
deepest,2
deeply,2
defeat,2
defense,2
deficit,22
deficits,6
deficittodeficit,1
define,1
defined,1
defray,1
degree,1
degrees,3
delay,2
delegation,1
deliberate,2
deliberations,3
delinquency,1
deliver,7
delivered,1
delivering,1
delivery,1
deluxe,1
demand,6
demands,4
democracy,1
democratic,1
democraticfarmerlabor,1
democrats,3
demonstrate,1
demonstrated,1
demoralized,1
denied,3
denominator,1
denounce,1
deny,2
department,32
departmentd,1
departments,5
departure,1
depend,8
dependability,1
dependence,2
dependency,3
dependent,4
depending,1
depends,4
deploy,1
deployed,1
deploying,1
deployment,1
deposit,1
depressed,1
depression,7
deprives,1
depth,2
deregulation,1
derive,1
descendants,1
descends,1
describe,1
described,2
describing,1
deserve,21
deserves,5
deserving,1
design,3
designation,3
designed,3
designing,1
desirable,1
desire,2
desires,1
desktop,1
despair,4
desperate,2
desperately,3
desperation,1
despite,8
destination,1
destiny,1
destroy,2
destroyed,2
destruction,4
detail,2
detailed,2
details,2
deteriorate,1
deteriorating,5
deterioration,1
determination,5
determine,4
determined,12
determining,1
detoxification,1
devastated,3
develop,22
developed,9
developing,5
development,41
developments,2
develops,1
devices,1
devote,2
devoted,4
devotion,2
dfl,3
dhow,1
dialects,1
dialogue,1
dick,1
didnt,6
die,1
difference,3
differences,4
different,5
difficult,17
difficulties,2
difficulty,2
dig,1
digikey,2
dignity,2
dilworth,1
dinner,1
diploma,1
direct,4
directed,1
direction,6
directions,3
directly,5
director,1
diron,2
disabilities,1
disability,1
disabled,2
disagree,2
disagreement,1
disagreements,2
disagrees,1
disappear,3
disappointed,1
disappointment,1
disaster,7
discard,1
discipline,1
disclosure,4
discouraged,1
discover,3
discovered,1
discovery,2
discrepancy,1
discriminate,1
discrimination,1
discuss,3
discussion,3
discussions,1
disease,1
diseases,1
dislocated,1
disparity,1
disputes,1
disqualified,1
distance,1
distances,1
distinction,1
distinguish,1
distinguished,7
distribute,2
distributing,1
district,6
districtbydistrict,1
districts,11
disturbed,1
dit,1
diverse,2
diversification,1
divide,4
dividends,1
division,4
divisions,1
djobs,3
dleand,1
dnone,1
dnr,3
doctors,2
doers,1
doesnt,11
dol,1
doldgrowthd,1
dollar,15
dollars,39
dollarstretching,1
dominance,1
dominant,1
dominate,1
donated,1
donation,1
dondt,1
done,20
donhowe,1
dont,22
doors,5
dormitories,1
dormitory,1
double,4
doubled,5
doubt,4
doubts,1
douglas,1
downey,1
downtown,4
downtowns,2
downturns,2
dozen,1
dpeopleds,1
drace,1
drain,1
drainage,1
dramatic,4
dramatically,1
drastic,1
drastically,1
draw,2
drawdown,1
dread,1
dream,2
dreamed,1
dreams,1
drighttoworkd,1
drink,1
drinking,1
drive,7
driver,1
drivers,2
drives,3
driving,3
drop,3
dropout,2
dropouts,1
dropped,8
droppin,1
dropping,1
drought,5
droughts,1
drove,1
drug,21
drugfree,2
drugs,23
dual,1
due,5
duluth,6
dump,1
dumping,1
dumps,1
duo,1
durable,1
durations,1
durenberger,1
dusk,1
duty,11
dvss,1
dwe,1
dwell,1
dynamic,3
dyou,1
eaders,1
eagan,1
earl,2
earlier,4
early,27
earmarked,1
earn,4
earned,4
earner,1
earners,1
earnest,1
earning,3
earnings,5
earns,1
earth,1
ease,1
easier,1
easily,2
easing,1
easy,6
eat,1
eating,1
ecological,1
economic,108
economically,2
economics,1
economies,4
economists,2
economy,59
edcation,1
edge,2
edges,1
edina,1
educate,3
educated,3
educating,3
education,161
educational,21
educationds,1
educations,11
educators,5
edward,1
efe,1
effect,3
effective,9
effectively,5
effectiveness,3
effects,6
efficiencies,3
efficiency,8
efficient,11
efficiently,8
effort,25
efforts,25
ehlinger,1
eight,5
eighteen,1
eighth,1
either,7
eitheror,1
elderly,3
elected,13
election,10
elections,3
elective,1
electric,1
electrical,3
electricians,1
electronic,1
electronics,2
element,3
elementary,11
elements,1
eleven,1
eligibility,3
eligible,2
eliminate,3
eliminated,2
eliminating,2
elimination,1
ellen,1
elmer,2
else,11
elses,1
elsewhere,2
embarrassed,1
embassy,1
embedded,1
embrace,3
emergencies,2
emergency,3
emerging,1
emotional,1
emphasis,8
emphasize,2
emphasized,1
employ,2
employed,5
employee,3
employees,24
employer,3
employers,5
employment,17
employs,3
empty,4
enable,3
enabling,3
enact,4
enacted,12
enacting,1
encourage,7
encouraged,1
encouraging,3
end,17
endangered,1
ended,3
ending,1
endorse,1
endorsed,1
ends,4
endure,4
energies,1
energy,59
enforceable,1
enforcement,3
engine,1
engineer,2
engineering,5
engineeringd,2
engineers,1
england,1
english,5
engulfed,1
enhance,5
enhanced,2
enhancing,2
enjoy,5
enjoyed,2
enlarge,1
enlist,2
enormous,4
enormously,2
enough,22
enrich,1
enroll,1
enrolled,1
enrolling,1
enrollment,1
enrollments,1
ensure,2
ensures,2
enter,4
entered,1
entering,1
enterprise,6
enterprises,3
entertain,1
enthusiasm,4
enthusiastically,1
entire,7
entirely,2
entitled,3
entrenched,1
entrepreneur,1
environment,44
environmental,23
environments,2
envision,2
epic,1
epitomizes,2
equal,3
equaled,1
equality,2
equally,6
equip,1
equipment,6
equipped,1
equitable,3
equity,1
equivalent,1
era,4
eras,1
erase,1
eric,6
erics,1
escalate,1
escalating,1
especially,12
essence,4
essential,17
essentially,1
establish,10
established,8
establishing,5
estate,1
esteem,1
estimated,1
estimates,4
eta,1
eternally,1
ethic,2
ethics,1
ethnic,1
evade,1
evaluate,1
evaluation,1
evaluations,3
eveleth,1
even,44
evening,7
events,3
evenyear,1
ever,20
everlonger,1
evermorecompetitive,1
every,57
everybody,5
everybodys,1
everyone,21
everyones,3
everything,9
everywhere,9
evict,1
evidence,1
evident,1
evidently,1
exactly,1
examination,1
examine,1
example,12
examples,6
exceed,1
exceeded,1
excellence,13
excellent,12
except,3
exceptional,5
exceptions,1
excess,2
excessive,4
exchange,3
excise,1
excited,1
excitement,2
exciting,1
excluded,1
excuse,2
excuses,2
executive,15
executives,9
exemplified,1
exempt,1
exercise,2
exercised,1
exert,1
exist,3
existing,5
expand,21
expanded,15
expanding,9
expansion,14
expansions,5
expect,7
expectancy,1
expectations,1
expected,3
expects,1
expenditure,1
expenditures,9
expense,2
expensive,3
experience,5
experienced,2
experiences,2
experiencing,1
experiment,1
experiments,1
expert,2
expertise,4
experts,5
explain,2
exploitation,2
explore,2
explorer,1
exporting,2
exports,3
express,1
expressed,1
expresses,1
extend,8
extended,4
extends,1
extensive,1
extent,2
extra,1
extraordinary,4
extreme,3
extremely,2
extremists,1
eyes,1
fabian,1
fabric,1
face,11
faced,4
faces,2
facilitate,1
facilities,9
facility,4
facing,6
fact,13
factor,1
factories,1
factors,1
factory,1
facts,4
faculties,1
faculty,3
fail,4
failed,6
failure,5
fair,14
fairer,2
fairest,3
fairmont,2
fairness,4
faith,6
faithful,1
faithnot,1
fall,12
fallds,1
fallen,2
falling,2
falls,6
faltering,1
familiar,1
families,22
family,31
fanatics,1
far,9
fared,1
fargo,1
farm,27
farmer,1
farmers,19
farming,4
farms,5
farreaching,3
farther,2
farthestreaching,1
fashion,1
fast,3
faster,1
fastest,2
fasttrac,2
fat,1
fates,1
father,9
fathers,3
favorable,2
favorite,1
favors,1
fear,1
feat,1
february,5
federal,53
fee,1
feed,1
feel,8
fees,2
feet,2
fell,4
fellow,17
felt,1
fergus,1
fewer,2
fewest,2
fiberite,1
fibers,1
field,4
fields,1
fierce,1
fifth,5
fifty,5
fight,3
fighting,4
figure,2
figures,1
fill,5
filled,1
filling,1
film,2
final,12
finally,12
finance,18
finances,5
financial,27
financially,2
financing,3
find,38
finding,4
finds,1
fine,2
finest,1
finish,2
finland,3
fire,1
fires,2
firmly,3
firms,2
first,72
firstclass,1
firstrate,2
firststopd,1
fiscal,31
fish,3
fishing,1
fit,2
fitness,1
fits,1
fitting,1
fitzsimons,1
five,25
fivepoint,1
fiveyearolds,1
fixes,2
fixing,2
flagship,1
flashy,1
flaw,1
flexibility,3
flexible,2
flight,3
flirting,1
floods,1
floor,1
florida,1
floundered,1
flourishing,1
flow,1
flowers,1
flows,1
flu,1
focus,8
focused,2
folks,1
follow,4
followed,4
following,5
follows,1
followup,1
followups,1
food,10
foods,1
fooling,1
foolish,3
football,2
forbearance,2
forbes,1
force,12
forced,8
forces,2
forcing,2
ford,2
forecast,5
forecasted,2
forecasts,1
foreclosures,2
forefront,2
foreign,4
foremost,3
foreseeable,1
foresight,3
forest,2
forests,3
forever,1
forge,2
forged,1
forget,2
forgotten,1
form,16
formal,1
former,11
forming,2
forms,4
formula,4
forth,1
fortunate,4
fortunately,3
fortune,4
fortunes,1
forty,3
forward,12
forwarded,1
forwardlooking,1
fossil,2
foster,1
fostering,1
fought,3
found,10
foundation,7
foundations,1
founded,1
founder,1
founding,1
four,37
fourandahalf,1
fourday,2
fourteen,1
fourth,9
fouryear,3
fragile,3
fragmented,1
framework,1
franchise,1
frankly,1
fransd,1
frazee,1
frederickson,1
free,10
freedom,5
freeways,2
freeze,1
freezes,3
frequently,1
fresh,3
freshness,1
friend,2
friends,4
fronts,3
fruits,2
frustrating,3
frustration,1
fuel,3
fueling,1
fuels,4
fulfill,5
fulfilling,2
fulfillment,1
full,11
fuller,1
fulltime,1
fully,7
function,2
functional,1
functions,2
fund,34
fundamental,2
fundamentally,1
funded,1
funding,42
funds,17
fur,2
furbearing,3
furs,1
furthermore,2
future,109
futures,2
gain,1
gained,1
gains,1
gallery,1
gallon,4
gallons,3
games,1
gaming,1
gangs,1
gap,7
gaps,2
garage,2
gary,2
gas,2
gasohol,1
gasoline,6
gather,2
gathered,1
gave,3
gdp,1
gen,1
gender,1
general,12
generate,1
generated,2
generation,7
generations,8
genius,1
gentlemen,2
genuine,2
geographic,2
george,1
gerald,1
germany,1
germanys,1
get,23
gets,2
getting,6
gettysburg,1
giant,1
giants,1
gift,1
gifted,1
gimmicks,1
give,36
given,16
gives,4
giving,5
gleam,1
global,11
globally,1
gmc,6
goa,1
goal,34
goals,9
god,2
goes,8
going,15
golden,1
gone,12
gonebecause,1
good,52
goodness,1
goods,2
gorbachev,1
got,5
gotten,1
governance,1
governing,1
government,165
governmental,4
governmentor,1
governments,15
governor,58
governors,21
grab,1
grade,13
graded,1
graders,3
grades,1
gradual,1
graduate,6
graduated,2
graduates,4
graduating,1
graduation,3
grain,2
grandchildren,6
grandchildrends,1
grandchildrens,1
grandparent,1
grandson,1
grant,2
granted,3
granting,1
grants,1
graphic,1
grappling,1
grass,3
grateful,6
gratitude,4
great,42
greater,26
greatest,4
greatgrandfather,1
greatly,11
greatness,5
green,1
greiling,1
grew,2
greyhound,1
ground,1
groundbreaking,1
groundwater,2
group,12
groups,9
grove,2
grow,2
growers,1
growing,11
grown,7
grows,1
growth,53
guarantee,3
guaranteed,4
guarantees,1
guarantor,2
guard,1
guardds,1
guards,2
guardsman,1
guardsmen,1
gubernatorial,1
guest,1
guests,3
guidance,5
guidelines,1
guilty,1
habitat,4
habits,1
hailed,1
half,13
hallock,1
hamilton,1
hampered,1
hand,2
handicapped,6
handicaps,1
handinhand,1
hands,4
handsome,1
handson,1
hang,1
hanging,1
happen,10
happening,5
happier,1
happy,5
harbor,1
harbors,1
hard,30
hardearned,1
harden,1
harder,5
hardest,1
hardpressed,1
hardship,1
hardships,2
hardworking,6
harley,1
harming,1
harmoniously,1
harness,2
harnesses,1
harold,2
harsh,2
harvard,2
harvest,1
harvested,1
harvests,1
hasnt,1
hassle,1
hats,1
haugerud,1
haunt,1
haveidentified,1
havenots,1
havent,3
haver,1
haves,1
hazelden,1
head,9
headed,4
heading,1
headline,1
headlined,1
headlines,4
headon,1
headquartered,4
headquarters,1
heads,7
health,58
healthcare,1
healthier,5
healthiest,2
healthy,13
hear,3
heard,11
hearing,2
hearings,2
heart,6
heartache,1
heartfelt,2
hearts,1
heat,1
heating,3
heavily,1
hectic,1
heed,1
heights,1
held,6
help,85
helped,11
helpful,1
helping,4
helpless,1
helps,4
heritage,6
hero,1
heroes,3
heroic,4
heroically,2
heroism,1
hfl,1
hhs,1
high,52
highb,1
higher,41
highest,26
highestquality,1
highlights,1
highly,3
highpaying,1
highquality,1
highspeed,1
highstakes,1
hightax,2
hightech,1
hightechnology,3
highway,10
highways,13
hills,1
hire,2
hiring,1
historians,2
historic,1
history,18
hit,1
hitchdoc,1
hold,9
holders,1
holding,1
holds,3
holiday,1
home,22
homeless,3
homeowners,1
homes,10
homesteads,1
hometown,1
homework,1
hone,1
honest,5
honestly,1
honesty,1
honeywell,1
honor,4
honorable,2
honored,3
hope,22
hopedd,1
hopeful,2
hopefully,1
hopes,1
horizon,3
horizons,1
horrendous,1
horrors,2
hospital,2
hospitality,1
hospitalized,1
hospitals,4
host,1
hot,2
hotel,1
hotels,1
hour,5
hourly,1
hours,6
house,14
households,1
houses,4
housing,7
however,45
hoyt,1
hub,1
hubs,1
huge,3
hugging,1
human,20
humane,1
humiliating,1
hundred,4
hundreds,4
hungry,2
hunker,1
hurdles,1
husband,1
hydro,1
hypocritical,1
ibm,3
ida,1
idaho,1
idea,3
ideal,1
ideals,1
ideas,31
identified,1
identify,5
identities,1
ideological,1
ideologies,2
idm,1
ignore,1
ignored,1
ill,5
illegal,2
illinois,3
illness,1
illustrate,1
illustration,2
imagination,2
imaginative,1
imaginatively,1
imagine,2
imagined,1
imbalances,1
immediate,9
immediately,2
immense,1
immigrants,1
imminent,1
impact,2
impaired,1
impairing,1
impart,1
impartial,1
impasse,2
imperative,1
imperatives,2
implement,5
implementation,1
implemented,1
implementing,4
implements,1
implications,1
implore,1
imply,1
importance,6
important,54
importantly,3
imports,1
impose,1
imposed,2
impossible,7
impressed,2
impressive,3
improve,39
improved,18
improvement,9
improvements,17
improving,25
inactions,1
inadequate,5
inaugural,3
inauguration,1
incentives,10
incidences,1
include,6
included,2
includes,5
including,9
inclusive,2
income,42
incomes,5
inconvenient,1
incorporate,1
increase,25
increased,24
increases,16
increasing,8
increasingly,5
incredibly,1
incumbents,1
indecision,1
indeed,1
independence,2
independent,3
index,1
indexed,1
indians,4
indicated,1
individual,9
individualized,1
individually,1
individuals,9
inducement,1
industrial,5
industries,12
industrious,2
industry,24
inefficiency,2
inequality,1
inequities,1
inescapable,1
inevitably,1
inexhaustible,1
inexpensive,1
inexplicable,1
infantry,1
infecting,2
inflation,2
inflationadjusted,1
influence,1
influenced,1
inform,1
information,16
informationbased,1
informed,2
infrastructure,8
ingenuity,2
ingredients,1
inhabitants,1
inherit,1
inheritance,2
inherited,5
initial,2
initiate,4
initiated,1
initiative,8
initiatives,10
injured,3
ink,2
innocent,1
innovating,1
innovation,6
innovations,2
innovative,1
inperson,1
inquiries,2
insane,1
inside,2
insights,1
insignificant,1
insist,2
insists,1
inspire,2
install,1
installed,1
instate,2
instead,8
institute,9
instituted,3
institutes,4
institutionalized,1
institutions,10
institutionwill,1
instructed,1
instruction,1
instructions,1
instructor,1
instrumental,1
insurance,13
insurancewe,1
insure,4
insures,2
integrate,1
integrating,1
integrity,2
intend,6
intended,1
intends,1
intensified,1
intensify,1
intensive,1
interchange,1
intercity,1
interconnected,1
interest,11
interested,2
interestfree,1
interests,6
interim,2
interject,1
international,19
intertwined,1
intimidation,1
intolerable,1
introduce,2
introduces,1
invaluable,1
inventive,1
inventory,3
inver,1
invest,37
invested,11
investing,2
investment,19
investments,42
invite,5
invited,1
inviting,2
involve,2
involved,6
involvement,1
involving,2
iowa,5
iraq,3
iron,11
irresponsible,1
irrrb,1
irv,2
isnt,3
issue,7
issued,4
issues,11
iswhether,1
itasca,1
itd,1
itds,2
items,3
ive,2
jack,1
jackson,3
jacksons,2
jail,1
james,2
jams,1
janklow,1
january,10
japan,7
japanese,3
japans,2
jargon,1
jason,1
jefferson,3
jeopardize,1
jeopardy,1
jessons,1
jewel,1
jim,1
job,82
jobcreating,4
jobless,1
jobs,144
jobslost,1
john,4
johnson,1
johnston,1
join,11
joined,7
joint,2
journal,1
journeys,3
joy,1
judge,5
judged,6
judges,2
judgment,3
judicial,4
july,7
jumped,1
juncture,1
june,2
junior,3
junkyards,1
jury,1
just,67
justice,16
justices,1
justifiably,1
justified,1
juvenile,1
kahn,2
kaler,3
kathy,1
keefe,1
keep,25
keeping,2
keeps,3
kelliher,1
kellihers,1
kennedy,1
kept,3
kerska,4
key,23
kick,1
kids,3
kind,12
kindergarten,12
kleis,1
knew,2
know,55
knowing,1
knowledge,6
knowledgebased,1
known,9
knows,6
koch,2
kuwait,2
lab,1
labor,14
lack,9
ladies,2
lag,2
lagged,1
lagging,2
lags,1
laid,3
laidoff,1
lake,6
lakes,3
land,12
landfills,2
landlords,1
landmark,1
landowners,1
lands,2
landwehr,1
lane,1
language,6
languages,7
lanning,1
large,11
largely,1
larger,3
largest,14
larry,1
lasers,1
last,71
lasting,3
late,3
lately,2
later,8
latest,3
lather,1
latimer,1
latino,1
launch,2
launched,3
launching,1
law,17
laws,15
lawyers,1
layoffs,1
layout,1
lays,1
lead,14
leader,16
leaders,32
leadership,25
leading,7
leadingedge,1
leads,2
league,3
lean,2
leap,5
leaps,1
learn,11
learned,6
learners,1
learning,15
lease,1
least,9
leave,8
leaves,4
leaving,4
led,8
lees,1
left,11
leg,1
legacy,5
legally,1
legislate,1
legislation,20
legislative,58
legislator,4
legislators,23
legislature,123
legislatureds,1
legislatures,2
legitimate,2
length,1
less,28
lesson,1
lessons,3
let,43
letds,5
lets,5
letter,2
letting,1
level,15
levels,15
leveraged,2
leveraging,1
levi,1
lewis,3
lga,1
liability,1
license,4
licensure,2
lie,1
lies,1
lieutenant,8
life,35
lifelong,1
lifetime,2
lift,1
lifted,3
light,2
like,45
liked,1
likely,2
likes,1
limit,1
limitations,1
limited,6
limits,2
lincoln,2
lindbergh,1
lindberghwhose,1
line,8
lines,8
link,1
lippman,1
list,7
listed,1
listen,2
listening,3
listens,1
lists,3
literacy,2
literally,1
literature,3
lithe,1
little,6
live,23
lived,2
lives,42
living,12
loads,1
loan,2
loaned,1
loans,7
lobby,1
lobbyists,1
local,37
locally,3
locate,3
located,3
location,1
locations,1
locked,4
loger,1
loggers,1
loneliness,1
long,29
longawaited,1
longer,17
longerterm,1
longest,1
longrange,7
longstanding,2
longterm,11
look,25
looked,2
looking,9
looks,1
looming,1
loopholes,1
lose,4
losers,1
losing,3
loss,2
losses,1
lost,11
lot,3
lots,1
lottery,3
louis,3
louisiana,2
love,11
loved,1
loves,1
low,10
lower,14
lowered,3
lowertown,1
lowest,15
lowgrade,1
lowincome,2
lowinterest,1
lucinda,1
lumber,1
lumberjacks,2
lunch,7
lunches,2
luverne,3
luxury,1
madam,2
made,48
madelia,1
magazine,4
magic,1
magnet,1
magnetation,1
magnets,1
magnificent,2
magnitude,2
magnus,1
main,6
maintain,8
maintained,1
maintaining,1
maintenance,3
majestic,1
major,57
majority,10
make,95
makes,9
making,31
males,1
malfunctioned,1
man,3
manage,1
managed,2
management,16
managers,1
managing,1
mandate,4
mandated,1
mandatory,3
mankato,6
manner,1
manpower,1
manufacture,1
manufacturers,1
manufactures,1
manufacturing,6
many,97
manyears,1
maple,1
maplewood,1
march,1
marginal,1
marilyn,7
marines,1
mark,2
marked,1
market,5
marketable,1
marketed,1
marketing,1
marketplace,5
markets,7
marks,1
marlene,2
marriage,2
marry,2
marshall,2
martin,2
marvin,1
mary,1
masquerading,1
mass,2
massachusetts,1
massive,3
match,1
matches,1
matching,1
math,7
mathematics,3
matter,8
matters,4
maxfield,1
maximize,1
maximum,8
may,22
mayo,6
mayor,6
mayors,2
mayos,1
mccarthy,1
mccormick,2
mcknight,1
mean,10
meaning,2
meaningful,1
means,38
meant,4
meantime,1
meanwhile,1
measure,8
measured,1
measures,7
meat,1
mecca,1
mechanic,1
mechanical,2
medal,1
median,1
mediation,2
medical,11
medicine,1
mediocre,2
medtronic,2
meet,26
meeting,4
meetings,5
meets,2
member,4
members,43
membership,1
men,7
mental,2
mentally,1
mention,3
mentioned,1
mentoring,1
merchandise,1
mere,1
merely,2
merged,1
merits,1
mess,1
message,19
messages,2
messd,1
met,7
method,4
methods,3
metro,4
metrodome,1
metropolitan,16
michigan,2
middle,1
middleclass,5
middleincome,1
middlevalue,1
midpoint,1
midst,1
midwest,5
midwestern,1
might,8
migi,1
milder,1
miles,4
military,3
mill,2
millennials,1
million,78
millions,1
mills,3
mind,3
minds,2
mindy,1
mined,1
mineland,2
miner,1
mineral,1
minerals,1
miners,2
mines,1
minesand,1
minimum,9
minimumwage,1
mining,11
minne,1
minneapolis,8
minnesota,568
minnesotabased,1
minnesotads,7
minnesotajobs,1
minnesotan,5
minnesotans,110
minnesotas,66
minnesotasouth,1
minnesotawisconsin,1
minnpostds,1
minntac,1
minorities,3
minority,3
minute,1
minutes,3
miracle,1
miserable,1
missing,2
mission,2
mississippi,1
mistaken,1
mistakes,1
misuse,1
mmb,2
mndot,3
mnscu,10
mnscus,1
mnsure,4
mode,1
model,10
modern,3
modernization,1
modernizing,1
modest,1
modification,1
modifications,1
modify,1
moe,3
mohns,1
moment,5
moments,1
momentum,3
mondale,3
monday,1
money,31
monies,1
monitor,2
month,12
months,19
monumental,1
moorhead,2
morning,1
mortar,1
mortgage,1
mostly,3
mother,7
mothers,1
motor,3
motorcycles,1
motorists,1
mountain,2
mountains,1
move,14
moved,2
mover,1
moving,6
mpca,2
much,49
muchneeded,4
multibillion,2
multinational,3
multiplicity,1
multiply,2
munger,5
municipalities,1
mure,1
music,3
must,189
mutual,2
named,2
names,1
naming,1
narrow,2
nasa,1
nash,1
nation,63
national,48
nationalfor,1
nationally,3
nations,10
nationss,1
native,3
natural,25
naturalist,1
nature,3
near,1
nearby,3
nearly,13
nearretirees,1
nebraska,1
necessary,23
necessities,1
necessity,2
need,121
needed,18
needing,1
needs,38
needy,4
negative,1
neglect,1
neglected,1
negotiating,1
negotiations,1
neighborhood,5
neighborhoods,6
neighboring,1
neighbors,3
neil,2
neither,2
net,2
network,2
networks,1
nevada,1
never,16
nevertheless,2
new,141
newest,2
newly,1
newness,1
news,2
newsmen,1
newspaper,4
next,60
nicholas,2
nick,2
night,3
nightmare,1
nightmares,1
nightmr,3
nine,3
ninepointnine,1
ninth,1
nobility,1
noble,1
nobody,2
nofault,2
nondegradable,1
nondiscriminatory,1
none,2
nonfaculty,1
nonpartisan,1
nonprofit,3
nonprofits,1
nonsupervisory,1
nontraditional,1
nonviolent,1
noon,1
normal,3
normally,1
north,7
northeastern,1
northern,3
norwegian,1
noseworthy,1
nostalgia,1
note,1
noted,2
nothing,9
noting,1
notion,1
novel,1
november,6
novembers,1
now,94
nowd,3
nowhere,2
number,34
numbers,2
numerous,1
nurses,3
nursing,2
nurture,3
nurturing,2
nutrients,1
nutritious,2
oath,1
obama,1
obese,1
objective,5
objectives,2
observance,1
observances,1
observers,1
obtain,1
obviously,3
occasionally,1
occupational,1
occur,4
occurred,4
occurs,2
october,2
oddnumbered,1
offend,1
offer,11
offered,4
offering,1
offers,2
office,37
officer,6
officers,15
offices,3
official,2
officials,12
offset,1
often,6
oil,9
olav,1
old,15
oldest,1
oldfashioned,1
olds,2
olinske,2
olmsted,2
olson,9
omit,1
one,143
onefifth,2
onefourth,1
onehalf,8
oneminute,1
onepage,1
ones,4
onestop,2
onetenth,1
onethird,3
ongoing,1
online,2
onto,1
open,19
opened,4
opening,5
openings,1
openly,1
openness,9
operate,3
operated,1
operates,2
operating,3
operation,6
operational,1
operations,6
opponents,1
opportunities,24
opportunity,33
oppose,1
opposed,1
opposite,1
opposition,1
optimism,3
optimistic,2
option,2
optional,1
options,7
order,11
ordered,1
orders,2
ordinary,2
ore,8
organization,3
organizational,1
organizations,5
organize,1
organized,4
organizing,1
original,1
originally,1
osha,1
oslo,1
others,19
otherwise,2
outclass,1
outcome,1
outcomes,1
outcompete,1
outcry,1
outdoor,2
outdoors,1
outeducate,1
outline,2
outlined,2
outperformed,1
outposts,1
output,1
outrageous,1
outreach,3
outset,1
outstanding,13
outstate,2
overall,12
overcome,1
overdue,4
overflowing,1
overhaul,2
overhauled,1
overloaded,1
overlooked,1
overly,1
overpowering,1
overriding,3
overweight,1
overwhelm,1
overwhelmed,1
overwhelming,2
overwhelmingly,2
owatonna,1
owe,1
owed,1
owned,1
owner,1
owners,3
ownership,2
oxygen,1
oxymoron,1
pace,4
pacemaker,1
pacific,1
package,1
page,5
pages,2
paid,10
painful,2
pains,1
paper,2
papers,1
paramount,1
parent,6
parents,23
paris,1
parity,1
park,6
parks,3
parnell,2
parochial,1
part,14
partial,1
participant,1
participants,1
participate,5
participating,1
participation,5
particular,4
particularly,4
parties,5
partisan,4
partisanship,1
partly,2
partner,2
partners,2
partnership,21
partnerships,16
parts,5
parttime,3
party,6
pass,12
passage,6
passed,11
passengers,1
passing,8
passport,2
past,50
path,9
pathway,1
patriotism,1
pattern,1
patterns,1
paul,12
pauls,1
pave,1
paved,1
paves,1
pawlenty,1
pay,23
payasyougo,1
payforperformance,1
paying,14
payments,6
payoff,1
payroll,2
pays,3
peace,1
peat,2
pedestrian,1
peers,1
peirce,1
pelts,1
penalize,1
penalties,2
penetrate,1
pennsylvania,1
penny,1
pension,1
pentagon,1
people,213
peoples,1
pepsi,1
per,19
percapita,4
percent,63
percentage,5
perception,1
perfect,7
perfection,1
perfectly,1
perform,2
performance,7
performances,1
performed,2
performing,1
perhaps,7
period,4
permanent,6
permission,1
permit,7
permits,2
permitting,4
perpetuated,1
perpich,2
perpupil,6
person,8
personal,15
personally,1
personnel,2
persons,5
perspective,6
persuasionhas,1
pervasive,1
pessimistic,1
petroleum,1
pew,1
phase,2
philanthropic,1
phillips,1
phillipsd,1
philosophy,4
phone,1
physical,8
picked,1
picture,1
piece,1
piecemeal,1
pieces,1
pine,4
pioneer,2
pioneered,1
pioneering,2
pioneers,1
pipeline,2
pipelines,2
pit,1
pitch,1
pitched,1
pitfalls,1
pitted,2
pivotal,1
place,18
placed,3
places,5
placing,2
plague,1
plan,37
plane,2
planned,1
planning,10
plans,6
plant,8
planted,2
planting,1
plants,6
plaque,2
plastic,2
plastics,1
play,6
playground,1
please,13
pleased,12
pledge,11
pledged,1
pledging,1
plenty,2
ploy,1
plumbers,1
plunged,1
plymouth,1
poachers,1
pockets,1
poetry,1
pogemillerthe,1
point,11
points,4
poised,5
polar,1
polaris,1
police,7
policies,6
policy,15
policymakers,1
political,14
politicians,2
politico,1
politics,4
polluted,2
polluting,1
pollution,4
pool,1
pooled,1
poor,7
poorer,1
poorly,2
popular,2
population,6
portion,4
portrayed,1
pose,1
position,13
positioned,1
positioning,1
positions,5
positive,4
positively,2
possess,1
possessions,1
possibility,4
possible,32
possibly,2
postcard,1
postindustrial,1
postponed,2
postsecondary,14
posturing,1
postworld,1
potach,1
potatoes,1
potential,6
potentially,1
pound,1
poverty,5
power,13
powers,1
practical,3
practice,2
practices,4
prairie,3
prairies,1
prayer,2
prayers,1
pre,1
preceded,1
preceding,1
precious,3
precisely,2
predict,1
predicted,2
predicting,1
prediction,1
preeminence,1
preeminent,1
preexisting,1
prefer,1
preferences,1
preferred,1
pregnancy,2
prejudice,1
prekindergarten,1
premier,1
premiums,2
preoccupied,1
preparation,2
prepare,12
prepared,3
preparing,1
prerecession,1
prerequisite,1
prerogative,1
prescription,1
presence,1
present,11
presented,1
presently,1
preservation,4
preserve,8
preserved,1
president,33
presidential,2
presidents,3
press,3
pressdispatch,1
pressing,1
pressure,3
preston,1
prettner,3
prevailing,1
prevent,3
preventative,1
prevention,4
prevents,1
previous,11
previously,6
price,8
priceless,2
prices,3
pricing,1
pride,4
primarily,1
primary,1
prime,1
principal,6
principals,3
principle,1
principles,5
printed,1
printers,1
printing,1
priorities,10
priority,21
prison,2
prisoners,1
prisons,2
private,36
privatesector,1
privilege,1
privileged,1
probably,2
probation,1
problem,13
problems,21
procedures,4
proceeds,1
process,13
processes,6
processing,2
proclaimed,1
procure,1
procuring,1
produce,9
produced,6
produces,1
producing,2
product,6
production,3
productive,15
productively,2
productivity,9
products,19
professes,1
professional,1
professionals,3
professor,2
professors,1
profiles,1
profit,2
profitable,3
profits,4
profound,2
program,75
programs,43
progress,25
progressing,2
progressive,1
progresswith,1
project,12
projected,11
projections,7
projects,14
prominence,1
prominent,1
promise,6
promised,3
promises,6
promising,2
promote,1
promoting,1
promotion,3
promotions,1
prompted,1
prompting,1
proof,1
proper,5
properly,4
property,16
proportionate,2
proposal,12
proposals,15
propose,18
proposed,23
proposes,2
proposing,13
prosecuted,1
prospects,1
prosper,4
prosperity,11
prosperous,4
protect,23
protected,3
protecting,5
protection,8
protections,3
proud,14
proudly,1
prove,2
proven,7
provide,56
provided,15
provider,1
providers,6
provides,15
providing,22
provision,1
provisions,2
provost,1
prudent,2
prudential,1
prune,1
psychiatric,1
public,89
publications,1
publicly,2
publicprivate,4
publish,1
published,2
publishing,1
pull,2
pulling,1
pulls,1
pump,1
purchases,1
purchasing,1
pure,1
purpose,11
purposes,1
pursuits,1
put,30
puts,1
putting,7
qaeda,1
qualified,2
qualify,1
quality,60
quarter,4
quartercentury,1
quarters,1
question,8
questioned,3
questions,7
quick,3
quickfix,1
quickly,5
quie,3
quiet,1
quietly,1
quit,1
quite,2
quo,2
quote,2
quoted,1
race,1
racing,1
raged,1
raging,1
raiding,1
rail,2
railroad,2
railroads,1
rain,4
rainy,2
rainyday,3
raise,8
raised,3
raises,3
raising,6
ran,2
rand,1
rang,1
range,8
ranges,1
rank,4
ranked,12
ranking,4
rankings,1
ranks,4
rapidly,5
rapids,1
rare,1
rate,33
rated,1
rates,15
rather,13
ratification,1
rating,9
ratings,2
razor,1
reach,8
reached,2
reaching,1
react,1
read,5
reading,5
readoutloud,1
reads,2
ready,3
reaffirm,1
reagan,1
real,34
realistic,4
reality,2
realize,2
realizing,1
reallocating,1
really,8
reap,1
reapportion,1
reapportioned,1
reapportionment,3
rear,1
reason,10
reasonable,4
reasons,3
reassure,1
rebuild,1
rebuilding,2
receive,8
received,4
receives,1
receiving,3
recent,19
recently,7
recession,10
recessions,2
recipients,2
recite,1
reclaim,1
reclamation,2
recognition,2
recognize,7
recognized,7
recognizing,1
recommend,13
recommendation,2
recommendations,14
recommended,5
recommending,4
reconvene,1
reconvened,1
record,8
recorded,1
records,5
recordthe,1
recover,1
recovered,1
recovering,1
recovery,24
recreation,3
recreational,3
recurring,1
recycle,2
recycled,1
recycling,4
red,6
redesign,1
rediscovered,1
redistrict,3
reduce,21
reduced,8
reducing,14
reduction,14
reductions,8
redundant,1
reeducation,1
reeling,1
reemphasize,1
reestablish,1
reevaluate,2
reevaluating,1
reexamination,1
reexamine,2
refer,1
references,1
referring,1
refine,1
refinement,2
reflect,3
reflecting,1
reflects,1
refocus,1
refocused,1
reform,36
reformers,1
reforming,3
reforms,15
reframing,1
refunds,1
refusing,1
regain,3
regained,3
regaining,1
regarding,1
regardless,1
regards,1
regiment,1
region,4
regional,3
regions,3
register,2
registration,2
regret,1
regular,4
regulate,2
regulation,3
regulations,2
rehabilitation,1
reinvest,2
reiterate,1
rejected,1
related,3
relates,1
relating,1
relations,2
relationship,2
relationships,3
relatively,3
relearn,1
releasing,1
reliable,2
reliably,1
reliance,3
relief,4
religions,1
rely,6
remain,9
remainder,1
remained,2
remaining,14
remains,3
remarkable,9
remember,7
remind,1
reminder,1
remindful,1
reminding,1
reminds,1
remove,2
renew,1
renewable,1
renewables,1
renewals,1
renewed,1
renovate,1
renovations,1
renowned,3
rental,1
renters,1
reopened,1
reorganization,3
reorganize,1
reorganizing,1
repaid,2
repair,2
repaired,1
repairing,1
repairs,3
repay,1
repeal,3
repeat,3
repeated,2
repeatedly,3
repeating,1
replace,2
replaced,3
replanted,1
report,23
reported,4
reportedly,1
reporters,3
reporting,1
reports,3
represent,6
representation,2
representative,18
representatives,7
representing,1
represents,2
republican,6
republicancontrolled,1
republicans,3
reputation,1
request,4
requested,1
requests,3
require,22
required,11
requirement,1
requirements,4
requires,9
requiring,2
rerouting,1
research,46
researchdriven,1
researchers,2
resent,1
reservations,1
reserve,17
reserves,1
residence,1
residences,2
residential,1
residents,7
residues,1
resilient,1
resist,1
resisting,1
resolution,1
resolve,3
resolved,1
resort,3
resource,5
resourcelake,1
resources,45
respect,10
respectful,1
respectfully,1
respond,6
responded,3
responding,1
responds,1
response,4
responsibilities,5
responsibility,15
responsible,8
responsibly,3
responsive,5
responsiveness,4
rest,27
restaurants,1
restoration,1
restore,9
restored,1
restores,1
restoring,2
restraint,2
restraints,1
restrict,1
restrictions,1
restructured,1
rests,1
result,14
resulted,1
resulting,1
results,7
resurgence,1
retain,1
retaining,2
retaken,1
retarding,1
retire,4
retired,1
retirees,2
retirement,12
retires,1
retiring,2
retool,1
retooling,1
retools,1
retrain,1
retraining,2
retreat,1
retroactive,2
return,8
returned,3
returning,1
revamping,2
reveal,1
revealing,1
revelations,1
revenue,11
revenues,21
revenuesharing,1
reverse,3
reversing,2
review,8
reviewed,1
reviews,1
revising,1
revision,2
revisions,1
revitalization,4
revitalize,3
revitalized,1
revived,1
revolution,2
revolutionizing,1
rewarding,1
reworked,1
rhetoric,1
rich,2
richard,2
richest,1
rid,1
ride,1
rides,1
right,30
rightful,1
rightfully,3
rights,6
rigid,1
rigors,1
rise,1
risen,1
rising,3
risk,6
risked,1
river,1
rivers,1
road,9
roadbeds,1
roads,8
robert,2
robust,1
rochester,12
rochesters,2
rockets,1
rocks,1
roger,2
role,10
rolls,1
rolvaag,1
ron,2
ronald,1
room,4
rosen,1
rosenstone,3
rote,1
rough,1
routed,1
routes,2
routine,1
routines,1
royalties,1
rudy,1
ruining,1
rule,1
rules,1
run,11
running,5
rural,8
rush,1
ryan,1
rybak,1
sabo,3
sacrifice,4
sacrificed,1
sacrificeif,1
sacrifices,1
saddened,1
saddens,1
saddled,1
safe,11
safeguard,1
safer,1
safety,9
saga,1
said,31
sailing,1
sake,1
salaries,5
salary,1
sale,1
sales,1
salesman,1
salute,1
sanborn,1
sandpaper,1
sane,1
satisfaction,2
satisfactionof,1
satisfied,3
satisfy,1
sauk,1
savage,1
savaging,1
save,9
saved,9
saves,2
saving,4
savings,6
savvy,1
saw,5
say,30
saying,4
says,3
scale,1
scared,1
schedule,1
scholar,1
scholars,2
scholarship,1
scholarships,2
school,96
schoolaged,1
schoolchildren,1
schools,44
schowalter,1
schwans,1
science,13
scientifically,1
scope,1
score,1
scores,4
screenings,1
scrub,1
scrutinize,1
sea,2
seams,1
search,2
searched,1
searching,1
seas,1
season,1
seat,2
seated,1
seats,2
second,22
secondary,5
secretary,1
section,1
sector,16
sectors,6
secure,4
security,5
see,26
seed,2
seeds,1
seeing,1
seek,5
seeking,3
seem,2
seemed,1
seems,3
seen,6
sees,1
segetis,1
segment,2
segments,2
seldom,1
select,1
selected,2
selection,1
selective,2
selfconfidence,1
selfevaluation,2
selfhelp,2
selfinterest,1
selfless,1
selfpreservation,1
selfrespect,1
selfsufficiency,1
sell,2
selling,1
semistate,2
senate,10
senator,14
senators,6
send,7
sending,1
senior,6
seniors,2
sense,8
senseless,1
sent,4
sentencing,2
separate,2
september,2
sergeant,3
series,3
serious,10
seriously,4
serve,15
served,11
serves,4
service,43
serviced,1
services,56
serving,2
session,73
sessionds,1
sessions,9
set,8
seti,1
setting,1
settle,2
seven,6
sevenperson,1
seventy,1
sevenup,1
several,19
severe,7
severely,2
sewage,1
sewer,1
sex,1
shaken,1
shakopee,1
shall,5
shamed,1
shameful,1
shape,8
shapes,1
shaping,1
share,19
shared,8
shares,1
sharing,1
shelf,3
shelter,3
shelters,1
shelves,2
shes,1
shield,2
shields,1
shift,1
shifted,1
shifting,1
shifts,6
ship,7
shirt,1
shop,2
shops,1
shoreview,1
short,8
shortage,3
shortages,1
shortchange,1
shortcomings,2
shorten,1
shortened,1
shortening,2
shorter,1
shortly,1
shortrange,2
shortsighted,1
shortterm,5
shouldnt,1
show,14
showed,1
showing,1
shown,1
shows,1
shunted,1
shut,4
shutdown,2
shutterfly,1
sick,1
sickens,1
side,4
sided,1
sides,4
sign,2
signal,2
signed,4
significance,3
significant,13
significantly,6
signs,4
sigurd,1
silence,1
silicon,1
silver,1
similar,6
simon,1
simple,8
simplification,2
simplified,1
simplifies,1
simplify,3
simply,3
simultaneously,2
since,26
sincere,1
single,9
sit,1
site,1
sites,1
siting,1
sitings,1
sitting,1
situation,1
situations,1
six,20
sixteen,2
sixty,2
sixtyfive,1
size,10
sizes,2
skeptical,1
skill,1
skilled,2
skills,6
skirmishes,1
slashed,1
slate,1
slavery,2
slayton,1
slide,1
slipping,1
slogans,2
slow,1
slower,1
slowly,1
small,19
smaller,4
smallest,1
smalltown,1
smart,2
smarter,1
smith,1
snowscarce,1
socalled,1
social,14
society,12
softdrink,1
soften,1
solar,3
sold,3
soldier,1
soldiers,2
solely,2
soliciting,1
solid,3
solidify,1
solon,3
solution,5
solutions,5
solve,8
someone,4
something,8
somewhere,1
son,5
songs,1
soninlaw,1
sonju,1
sons,2
soon,9
soonand,1
sooner,3
sorel,1
sorry,1
sorts,1
sota,1
sound,8
source,4
sources,9
south,8
southeastern,1
southwest,1
southwestern,1
soviet,1
soybeanbased,1
soybeans,1
space,2
spaces,3
spared,1
sparkling,1
spawned,1
speak,5
speaker,19
speaking,1
spearhead,3
special,29
specialists,1
specialized,3
specially,1
specific,3
specifically,2
spectrum,1
speech,3
speeches,3
speed,4
spencer,1
spend,9
spending,38
spends,1
spent,9
spirit,22
spiritand,1
spiritthat,1
spite,1
spoke,3
spoken,2
sponsor,1
sponsors,1
sports,4
spread,3
spring,4
springboards,1
springfield,1
springs,1
sputtering,1
squander,1
squandered,1
square,1
squarely,1
stability,9
stable,6
stacy,7
stacys,3
stadium,6
stadiumd,1
staff,13
staffs,1
stages,1
staggered,1
stagnant,1
stake,3
stakeholders,1
stakes,1
stalemates,1
stalled,2
stand,8
standard,1
standards,5
standing,4
standings,1
stands,3
stanford,1
star,4
stark,1
start,14
started,9
starting,8
starts,1
startup,2
startups,2
starved,1
stassen,3
state,485
stated,1
stateds,2
statefederal,1
statefunded,1
statement,1
statements,1
stateoftheart,3
stateowned,1
states,129
statesd,1
statewide,7
stating,1
stations,1
status,3
statute,1
stay,6
stayed,2
steadily,1
steel,8
steels,1
steger,1
step,11
steps,15
steven,2
stevenson,1
steward,1
stewards,1
stewardship,3
stick,1
sticking,1
stifle,2
stifled,1
still,45
stimulate,3
stock,1
stockholders,2
stood,4
stop,9
stordahl,1
store,1
stores,2
story,11
straight,5
strain,1
strategic,2
strategically,1
strategies,5
strategy,10
streamline,6
streamlined,2
streamlining,2
streams,1
street,4
streets,3
strength,11
strengthen,3
strengthened,1
strengthening,2
strengthens,1
strengths,5
strenuous,1
stress,2
stressed,1
stretched,1
strictly,1
strides,1
strike,2
strive,2
strived,1
striving,1
strong,34
stronger,5
strongerb,1
strongest,1
strongly,8
struck,1
structural,1
structure,8
struggle,3
struggled,1
struggling,3
stuck,1
student,4
students,63
studies,4
study,10
studying,1
stumpf,1
subject,4
subjects,1
submit,4
submitted,2
subsidies,1
subsidized,1
substance,2
substanceon,1
substantial,5
substantially,1
succeed,15
succeeded,3
success,40
successes,8
successful,20
successfully,3
suffer,4
suffered,4
suffering,6
suffers,3
suggest,3
suggested,1
suggestion,1
suggestions,2
suited,1
sum,2
summarizing,1
summary,1
summed,1
summer,2
sundays,1
sunscreen,1
superbowl,1
supercomputer,3
supercomputers,1
superfund,1
superintendent,1
superintendents,2
superior,4
superiority,1
superpower,1
supervised,2
supervision,1
supervisor,1
supervisory,1
supervolunteer,1
supplement,2
supplemental,1
suppliers,1
supplies,2
supply,3
support,65
supported,3
supporting,1
supportive,1
supports,3
supposed,1
suppress,1
supreme,3
sure,6
surefire,1
surface,1
surge,1
surgical,1
surpass,1
surplus,15
surpluses,4
surprise,2
surprised,1
surprising,1
surrender,1
surrounded,2
surtax,1
survey,4
surveyed,1
surveys,1
survival,1
survive,3
sustain,1
sustainable,3
swamp,1
sweeping,4
swift,1
swim,1
swings,1
system,77
systems,24
tackling,1
taconite,6
tailings,1
taints,1
take,33
taken,11
takes,7
taking,6
talent,2
talented,7
talents,3
taliban,1
talk,6
talked,3
tape,1
tapping,1
target,2
targets,1
task,7
tasks,2
tasty,1
tate,1
taught,7
tax,131
taxation,1
taxes,52
taxing,3
taxpayer,3
taxpayers,15
taxpayersd,1
taxreducing,1
teach,4
teacher,7
teachers,19
teaches,2
teaching,7
team,6
teams,6
teamwork,3
tear,1
tears,2
tech,4
technical,5
technically,1
technician,2
techniques,2
technological,2
technologies,8
technology,25
technologybased,1
ted,1
teenage,2
telecommunications,1
television,1
tell,18
telling,1
tells,1
temperatures,1
temporary,2
tempting,3
ten,10
tenants,1
tens,1
term,5
terms,7
terrible,5
terribly,1
terrific,4
terrified,1
territory,4
test,6
tested,2
testify,1
testimony,1
testing,11
tests,5
thank,30
thanks,13
thatds,2
thats,20
themd,1
theme,3
themes,1
thereafter,1
therefore,3
theres,3
theyre,9
thief,1
thin,1
thing,9
things,10
think,8
thinkers,1
thinking,1
third,29
thirdgrader,1
thirteen,1
thirty,1
thissen,3
thomas,1
thormodson,1
thorough,2
though,4
thought,7
thoughtful,6
thoughtfulness,1
thoughts,3
thousand,8
thousands,17
thread,1
threat,3
threaten,3
threatened,2
threatening,1
three,31
threepart,1
threshold,2
thrive,2
thriving,1
throughout,33
throwing,1
thrust,1
thus,6
tied,1
ties,1
tighten,1
tightened,1
timber,4
time,85
timeline,1
timelines,3
times,29
timidity,1
timing,1
tina,3
tires,1
toa,1
tobacco,1
today,73
todays,3
todd,3
togeter,1
together,54
told,10
tolerate,1
toll,1
tom,5
tomorrow,11
tonight,26
tons,1
took,19
tool,2
tools,4
top,29
topd,1
topic,2
topped,1
toptobottom,1
toro,2
torture,2
total,7
totaling,1
totalling,1
totally,1
totals,1
touch,1
touched,1
tough,7
tougher,2
toughness,1
tour,3
tourism,8
toward,15
town,2
towns,4
township,1
townstretched,1
toxic,1
track,1
tractors,1
trade,15
trades,1
tradition,8
traditional,4
traffic,3
tragedies,1
tragedy,2
tragic,4
trail,1
trails,1
trained,4
training,12
trains,1
trajectory,1
transfer,4
transferring,1
transform,5
transformation,4
transformational,1
transformative,1
transforming,2
transit,21
transition,2
translate,1
transport,1
transportation,26
travel,3
traveled,3
traveling,2
treasury,2
treat,2
treated,1
treating,2
treatment,15
treatments,1
trees,5
tremendous,5
trend,1
trends,1
tribune,1
tribute,4
tried,3
trip,1
triple,1
triplea,5
trouble,4
troubled,1
truck,1
trucks,1
true,7
truly,2
trust,10
trusts,1
truth,13
truths,2
try,10
trying,4
tuesday,1
tuition,7
tuitions,5
tunheim,1
turkey,1
turn,17
turnaround,5
turnarounds,1
turned,6
turning,4
turns,1
tutelage,1
tutoring,2
twelve,1
twenty,6
twentyfirst,1
twentyfive,1
twice,5
twin,1
two,65
twoandahalf,1
twoblock,1
twoeconomy,1
twolane,1
twothirds,3
twoyear,3
typically,1
ulseth,1
umd,1
unable,4
unacceptable,6
unanticipated,1
unbelievable,1
uncertain,3
uncertainties,1
uncertainty,2
uncles,2
uncola,1
underfunded,1
underfunding,1
undergo,1
undergraduate,1
underground,1
undermines,1
undermining,1
underpaid,2
underscore,1
understand,4
understandably,1
understood,2
undertake,2
undertaken,1
undertaking,1
underway,4
undetermined,1
undoing,1
unemployed,12
unemployment,22
unfair,5
unfinished,1
unforeseeable,1
unfortunate,1
unfortunately,8
unification,1
unified,1
uniform,1
uniforms,1
unimaginable,1
uninsured,1
unintentionally,1
union,9
unions,1
unique,7
uniquely,1
uniqueness,1
unit,3
unitary,1
unite,4
united,13
units,1
unity,6
universal,1
universities,21
university,28
universitys,5
unknown,2
unless,4
unlike,1
unlikely,1
unmet,2
unnamed,1
unnecessary,2
unoccupied,1
unprecedented,3
unproven,1
unreasonably,1
unrelenting,2
unsafe,2
unselfish,1
unsession,4
unspent,1
unthinkable,1
untiringly,1
untrue,1
unusual,1
unusually,1
unwilling,2
upacpa,1
upgrade,3
upgraded,1
upgrading,2
uphold,1
upon,24
upper,2
upstairs,1
urban,2
urge,14
urged,1
urgency,2
urgent,3
urgently,2
urging,1
use,40
used,11
useful,3
users,2
uses,1
using,7
usually,4
utilities,1
utilization,1
utilize,1
utilized,2
utmost,2
vacant,1
vadnais,1
vagueness,1
valley,1
valor,2
valuable,1
value,10
valued,2
values,2
variety,2
various,4
vast,1
vegetables,2
vehicle,1
vehicles,3
ventura,2
venture,1
verbiage,1
vernosh,1
veteran,2
veterans,8
veterinary,1
veto,3
vetoes,1
vibrant,1
vice,3
victimize,1
victims,2
vietnam,2
view,6
viewed,1
views,1
vigilance,1
vigilant,2
vigorous,2
vikings,1
villages,1
violence,2
viracon,1
virtually,3
virtues,1
visible,1
vision,6
visionary,2
visit,2
visited,3
visiting,2
visits,1
visualize,1
vital,8
vitality,7
vitally,2
vocational,1
vocationaltechnical,1
voice,1
voices,1
volatile,1
voluntary,2
volunteer,5
volunteered,1
volunteers,2
vote,3
voted,2
voter,1
voters,2
votes,2
voting,3
vow,1
voyage,1
voyager,1
vulnerability,1
wage,10
wages,4
wait,7
waiting,4
waits,1
walk,1
walked,1
walking,1
wall,2
walter,1
want,76
wanted,6
wants,11
war,8
warm,1
warmest,1
warning,3
warnings,1
wars,1
washington,7
wasndt,1
wasnt,1
waste,10
wasted,3
wasteful,2
wastewater,1
wasting,1
watches,1
watching,2
water,26
waters,2
watlow,2
wave,2
wavier,1
way,64
ways,14
weaken,1
weakens,1
weaknesses,1
wealthiest,3
wealthy,1
wear,2
wearing,1
weatherize,1
website,1
wedre,2
week,22
weekday,1
weekend,1
weekly,4
weeks,37
welcome,4
welfare,5
well,51
wellbeing,5
welleducated,3
wellknown,1
wellprepared,1
wells,1
wellspring,1
wellunderstood,1
wendell,2
went,7
wenzel,6
wenzels,1
west,3
weve,9
wfsi,1
whatever,7
whats,3
whenever,1
whereby,1
wherever,3
whether,15
white,5
whittier,1
whoever,2
whole,3
whomsoever,1
whose,7
widely,1
widening,1
wider,1
wife,2
wildlife,4
will,470
willard,4
willet,1
willing,9
willingness,2
willmar,2
win,3
wind,1
windfall,1
window,1
winds,2
winners,3
winning,1
winona,8
wins,1
winter,6
winters,1
wire,1
wisconsin,3
wisdom,6
wise,1
wisely,3
wish,6
within,10
without,23
witnessed,1
witnessing,1
wolfe,2
woman,3
women,17
won,1
wonder,6
wonderful,5
wondt,1
wont,8
wood,11
woodland,1
woods,1
word,3
words,12
work,129
worked,20
worker,5
workers,35
workforce,9
workforces,1
working,44
workingmen,1
workmens,1
workplace,3
works,11
world,70
worldclass,5
worldcommunications,1
worldds,1
worldpremier,1
worldrenowned,3
worlds,7
worldwide,1
worse,7
worsening,1
worst,1
worstperforming,1
worth,2
worthington,5
worthy,4
wouldndt,1
wrestle,1
write,1
written,3
wrong,7
wrote,4
wyoming,1
xers,1
yale,1
yards,1
year,139
yearago,1
yearold,4
yearolds,3
years,156
yearsold,1
yearswe,1
yes,2
yesterday,2
yesterdays,1
yet,20
yield,2
yields,1
york,3
youdre,1
young,16
younger,1
youngest,1
youre,5
youthful,1
youths,1
youve,1
yvonne,2
zellers,2
zero,2
zone,1
zones,1
zwach,1
